episode;steps;X;Y;yaw;steer;throttle;action;reward;done;all_wheels_on_track;progress;closest_waypoint;track_len;tstamp;episode_status;pause_duration;
0;1.0;3.113278612361635;0.9581766782644425;-0.22139926346322822;24.900000000000002;1.224961727055549;[24.900000000000002; 1.224961727055549];0.0;False;True;0.7168868092987218;1;19.549800178858835;22.781;prepare;0.0
0;2.0;3.1131287077431318;0.9581858991017332;-0.21872554113790257;-24.3;4.0;[-24.3; 4.0];1.0;False;True;0.7161198514519662;1;19.549800178858835;22.848;in_progress;0.0
0;3.0;3.1200919114589842;0.9588646772097492;0.14390888707082108;-14.340169934092659;2.1535884174629967;[-14.340169934092659; 2.1535884174629967];1.0;False;True;0.7517241118441741;1;19.549800178858835;22.894;in_progress;0.0
0;4.0;3.1472791825022113;0.9568630260846991;-0.3102847692114343;10.058199918216356;1.760993839219979;[10.058199918216356; 1.760993839219979];1.0;False;True;0.8908289310173682;1;19.549800178858835;22.985;in_progress;0.0
0;5.0;3.1747766400673347;0.9567360510723021;-0.3650504968055388;-0.22374486651224146;0.5;[-0.22374486651224146; 0.5];1.0;False;True;1.0314750084658575;1;19.549800178858835;23.052;in_progress;0.0
0;6.0;3.2102821059587914;0.9589236876037134;0.2990884470459813;24.900000000000002;1.5678793151756898;[24.900000000000002; 1.5678793151756898];1.0;False;True;1.2130629996324436;1;19.549800178858835;23.11;in_progress;0.0
0;7.0;3.251945388906991;0.9653162993516835;1.8273621584158866;20.25329130803144;3.566355108071995;[20.25329130803144; 3.566355108071995];1.0;False;True;1.4260971589549931;1;19.549800178858835;23.186;in_progress;0.0
0;8.0;3.305274118794272;0.9856306789238087;6.1478515810667815;24.900000000000002;2.580238106435477;[24.900000000000002; 2.580238106435477];0.5;False;True;1.698629903443228;2;19.549800178858835;23.25;in_progress;0.0
0;9.0;3.368567297556665;1.027446918860924;14.02001958144615;10.51379123196224;2.512800663724063;[10.51379123196224; 2.512800663724063];0.001;False;True;2.0221162139150177;2;19.549800178858835;23.315;in_progress;0.0
0;10.0;3.4384253103738516;1.0766489641838912;20.913626559360853;24.900000000000002;2.5154213269096966;[24.900000000000002; 2.5154213269096966];0.001;False;True;2.379017986350709;2;19.549800178858835;23.385;in_progress;0.0
0;11.0;3.5183727945075987;1.1485349081516618;29.368709152033176;-7.962501098100489;1.0198500214944548;[-7.962501098100489; 1.0198500214944548];0.1;False;True;2.787329894490313;3;19.549800178858835;23.449;in_progress;0.0
0;12.0;3.595900814228489;1.2177311766717749;35.49679305445669;8.727603731327935;1.7719771778388846;[8.727603731327935; 1.7719771778388846];0.1;False;True;3.1838032980961573;3;19.549800178858835;23.518;in_progress;0.0
0;13.0;3.6633038930535027;1.2779089285664076;37.848296438982715;-11.205940730744008;0.5;[-11.205940730744008; 0.5];0.001;False;False;3.528170372365269;4;19.549800178858835;23.584;in_progress;0.0
0;14.0;3.729619661852671;1.3437342175754117;40.717547355457576;-1.291246783701947;4.0;[-1.291246783701947; 4.0];0.001;False;False;3.8669373297528105;4;19.549800178858835;23.652;in_progress;0.0
0;15.0;3.808997693751115;1.4157035044315305;41.64727192921851;-24.3;1.592538010108633;[-24.3; 1.592538010108633];0.001;False;False;4.273086236023165;4;19.549800178858835;23.72;in_progress;0.0
0;16.0;3.883980936147926;1.4702669666836437;39.95919095210389;-24.3;3.6656752950008764;[-24.3; 3.6656752950008764];0.001;True;False;4.656337506668747;5;19.549800178858835;23.781;off_track;0.0
1;1.0;4.090849282805786;0.9565727672705198;-0.05075898265627819;-18.114579129245406;3.813331191167515;[-18.114579129245406; 3.813331191167515];0.0;False;True;0.7173074170650419;6;19.549800178858835;23.932;prepare;0.0
1;2.0;4.090617092690827;0.9565491984298082;-0.06126347870304906;-8.200252795369977;1.1052282800449955;[-8.200252795369977; 1.1052282800449955];1.0;False;True;0.7161198360302989;6;19.549800178858835;23.985;in_progress;0.0
1;3.0;4.100844025343554;0.9582021034115371;0.36079549042004816;24.900000000000002;2.885736530066831;[24.900000000000002; 2.885736530066831];1.0;False;True;0.7684247416452822;6;19.549800178858835;24.047;in_progress;0.0
1;4.0;4.119911014464572;0.9606514513893533;0.8039406809565107;-18.69916069238526;2.7953471487989447;[-18.69916069238526; 2.7953471487989447];1.0;False;True;0.8659442622572816;6;19.549800178858835;24.122;in_progress;0.0
1;5.0;4.146908416232362;0.9656327580887613;1.888179318892982;-24.3;4.0;[-24.3; 4.0];1.0;False;True;1.0040266150465624;6;19.549800178858835;24.19;in_progress;0.0
1;6.0;4.187017269654452;0.9599338476103937;0.21850241839877957;24.900000000000002;4.0;[24.900000000000002; 4.0];1.0;False;True;1.2092086374556916;6;19.549800178858835;24.251;in_progress;0.0
1;7.0;4.254639463711141;0.961062053813518;0.325467493133395;-18.374919850104337;0.5;[-18.374919850104337; 0.5];1.0;False;True;1.5551017910199694;7;19.549800178858835;24.316;in_progress;0.0
1;8.0;4.3089831444047135;0.9748177563516838;4.037446651012197;-20.684561940029717;0.5;[-20.684561940029717; 0.5];1.0;False;True;1.8330300604173386;7;19.549800178858835;24.38;in_progress;0.0
1;9.0;4.362741308417574;0.9742603530753674;4.460876032900707;18.709837874717426;3.7139368972135713;[18.709837874717426; 3.7139368972135713];1.0;False;True;2.108028191745939;7;19.549800178858835;24.452;in_progress;0.0
1;10.0;4.406100119971889;0.966592950214941;2.133338457736003;12.828052858029725;4.0;[12.828052858029725; 4.0];1.0;False;True;2.3298342867918875;7;19.549800178858835;24.52;in_progress;0.0
1;11.0;4.464888361848799;0.9787211923131783;4.277406495879121;-24.3;1.784028883038073;[-24.3; 1.784028883038073];1.0;False;True;2.630513354125191;8;19.549800178858835;24.584;in_progress;0.0
1;12.0;4.536156037415029;0.9918938115833166;6.346293129261443;-5.437504439722073;3.1701195560707776;[-5.437504439722073; 3.1701195560707776];0.5;False;True;2.9950238092705512;8;19.549800178858835;24.651;in_progress;0.0
1;13.0;4.621010053710198;0.9997340488586671;6.062287206991455;-11.413637001457507;0.5;[-11.413637001457507; 0.5];0.5;False;True;3.429078892821505;8;19.549800178858835;24.719;in_progress;0.0
1;14.0;4.700921297674323;1.005830256098414;5.850098361137097;15.024901725889901;4.0;[15.024901725889901; 4.0];0.5;False;True;3.837825482178921;9;19.549800178858835;24.78;in_progress;0.0
1;15.0;4.7926193199143565;1.0145006108105723;5.68986473538111;24.900000000000002;4.0;[24.900000000000002; 4.0];0.5;False;True;4.306905606003987;9;19.549800178858835;24.851;in_progress;0.0
1;16.0;4.8964322665610895;1.051540255654173;11.435351861432792;-1.5398158027642737;2.994201381398856;[-1.5398158027642737; 2.994201381398856];0.001;False;True;4.837888229027616;10;19.549800178858835;24.919;in_progress;0.0
1;17.0;5.004705261209371;1.1026101606764478;17.76234828096016;-14.550429958220976;0.5;[-14.550429958220976; 0.5];0.001;False;True;5.391762486189114;10;19.549800178858835;24.988;in_progress;0.0
1;18.0;5.103485364923869;1.1370675754327808;20.09632407609667;24.900000000000002;3.876563219189359;[24.900000000000002; 3.876563219189359];0.1;False;True;5.897025343255809;11;19.549800178858835;25.052;in_progress;0.0
1;19.0;5.204520337309484;1.172502637966559;20.66870255115409;15.808444932650286;4.0;[15.808444932650286; 4.0];0.1;False;True;6.414017645117978;11;19.549800178858835;25.107;in_progress;0.0
1;20.0;5.314886100257728;1.229376619406681;23.654876229618793;16.00135993906699;2.1047970142675534;[16.00135993906699; 2.1047970142675534];0.1;False;False;6.9785868652513665;12;19.549800178858835;25.184;in_progress;0.0
1;21.0;5.445059353574927;1.3320978849544214;32.45962938217479;19.159437397269553;4.0;[19.159437397269553; 4.0];0.001;False;False;7.644676865216464;13;19.549800178858835;25.25;in_progress;0.0
1;22.0;5.517010173031237;1.4010448509875786;37.28073097135911;4.551144083436515;2.003289591140874;[4.551144083436515; 2.003289591140874];0.001;False;False;8.013310715118124;13;19.549800178858835;25.316;in_progress;0.0
1;23.0;5.607720142679596;1.5009297292415855;43.87336386871056;24.900000000000002;0.5;[24.900000000000002; 0.5];0.001;True;False;8.47752680226143;13;19.549800178858835;25.387;off_track;0.0
2;1.0;5.068336168838392;0.9562455272617658;-0.014218672561147422;20.74278637440931;1.8459628729285678;[20.74278637440931; 1.8459628729285678];0.0;False;True;0.7172919352341087;11;19.549800178858835;25.513;prepare;0.0
2;2.0;5.068107025107378;0.9561883216741316;-0.0036990212000970364;-24.3;4.0;[-24.3; 4.0];1.0;False;True;0.7161198514519657;11;19.549800178858835;25.581;in_progress;0.0
2;3.0;5.080418210343121;0.9587966906075592;0.6954079593536486;-20.008159881784476;0.945094115233774;[-20.008159881784476; 0.945094115233774];1.0;False;True;0.7790924481071617;11;19.549800178858835;25.651;in_progress;0.0
2;4.0;5.099020605473728;0.9588449936793096;1.0490470939102365;-3.763652451246891;1.3399280680323222;[-3.763652451246891; 1.3399280680323222];1.0;False;True;0.8742463207974103;11;19.549800178858835;25.712;in_progress;0.0
2;5.0;5.127538322905131;0.9617335600064355;1.5728380696349415;22.608980007319662;0.5;[22.608980007319662; 0.5];1.0;False;True;1.0201225572815802;11;19.549800178858835;25.784;in_progress;0.0
2;6.0;5.1609690086866715;0.9754656547647945;4.506623813984123;24.900000000000002;3.8881475293024144;[24.900000000000002; 3.8881475293024144];1.0;False;True;1.1911331488797459;11;19.549800178858835;25.852;in_progress;0.0
2;7.0;5.19758046687935;0.9946031589376412;8.379485387959695;23.87627477883775;2.4903260231061632;[23.87627477883775; 2.4903260231061632];0.5;False;True;1.3784169498427576;11;19.549800178858835;25.916;in_progress;0.0
2;8.0;5.241871028307683;1.0282169443490001;14.534011288188553;-24.3;1.1923883219432667;[-24.3; 1.1923883219432667];0.001;False;True;1.6049887748720195;12;19.549800178858835;25.986;in_progress;0.0
2;9.0;5.297071795389305;1.0641787717981193;19.901697948572448;24.900000000000002;1.2679453991672367;[24.900000000000002; 1.2679453991672367];0.001;False;True;1.8873691983764624;12;19.549800178858835;26.048;in_progress;0.0
2;10.0;5.35935825332814;1.0906903800131431;20.862476508056762;-3.019283630296936;0.5;[-3.019283630296936; 0.5];0.001;False;True;2.206051578279325;12;19.549800178858835;26.115;in_progress;0.0
2;11.0;5.417072500962351;1.1207788313041802;22.569444480891637;24.900000000000002;4.0;[24.900000000000002; 4.0];0.1;False;True;2.501299543130997;13;19.549800178858835;26.184;in_progress;0.0
2;12.0;5.481983444515641;1.15369676084165;23.978008524334026;-8.856363841805035;0.5;[-8.856363841805035; 0.5];0.1;False;True;2.8333625811258534;13;19.549800178858835;26.253;in_progress;0.0
2;13.0;5.546190495344431;1.1940360394470821;26.67436039812459;-24.3;2.156888905305513;[-24.3; 2.156888905305513];0.1;False;True;3.1621125669465537;13;19.549800178858835;26.317;in_progress;0.0
2;14.0;5.6197587851178765;1.2222997606874737;24.99530977727115;24.900000000000002;2.736645870244366;[24.900000000000002; 2.736645870244366];0.1;False;False;3.5384875191499576;14;19.549800178858835;26.382;in_progress;0.0
2;15.0;5.6974554784225235;1.2489889192382753;23.272681955449787;-5.542029790133682;2.4284804587241093;[-5.542029790133682; 2.4284804587241093];0.001;False;False;3.9359763428256396;14;19.549800178858835;26.45;in_progress;0.0
2;16.0;5.808990321658158;1.2958824159651703;22.971676054399907;24.900000000000002;0.5;[24.900000000000002; 0.5];0.001;False;False;4.507013965364851;15;19.549800178858835;26.516;in_progress;0.0
2;17.0;5.862076662582663;1.3167690181565879;22.209085883440554;10.044740294353051;3.9909677804900974;[10.044740294353051; 3.9909677804900974];0.001;False;False;4.778630095401912;15;19.549800178858835;26.581;in_progress;0.0
2;18.0;5.948210462854612;1.3577115220116056;23.46878956268805;-24.3;4.0;[-24.3; 4.0];0.001;False;False;5.219800978563987;15;19.549800178858835;26.651;in_progress;0.0
2;19.0;6.053170299838029;1.403543395046508;23.2816694789416;7.203815304222019;0.5;[7.203815304222019; 0.5];0.001;False;False;5.75689389908278;16;19.549800178858835;26.713;in_progress;0.0
2;20.0;6.155626799407327;1.4375467548292098;21.17394040041862;5.610758961317632;1.5599497616736158;[5.610758961317632; 1.5599497616736158];0.001;True;False;6.281598738827965;16;19.549800178858835;26.782;off_track;0.0
3;1.0;6.045765170711532;0.9566298470026463;0.05730712361463339;15.05778646118775;4.0;[15.05778646118775; 4.0];0.0;False;True;0.7169807176775428;16;19.549800178858835;26.916;prepare;0.0
3;2.0;6.045596910264268;0.9565880043691745;0.05100196310642027;-24.3;0.758811358895147;[-24.3; 0.758811358895147];1.0;False;True;0.7161198514519629;16;19.549800178858835;26.982;in_progress;0.0
3;3.0;6.052201419720579;0.9572097397591528;0.2640987831498159;1.7808541180876567;1.5288659290361253;[1.7808541180876567; 1.5288659290361253];1.0;False;True;0.7499056713494157;16;19.549800178858835;27.05;in_progress;0.0
3;4.0;6.07227091852597;0.957238101426774;0.260557392637158;2.4096359900385913;2.5654069208041688;[2.4096359900385913; 2.5654069208041688];1.0;False;True;0.8525640919814975;16;19.549800178858835;27.115;in_progress;0.0
3;5.0;6.1046641362657486;0.961300787332269;1.2303992436817845;19.071327382525194;0.5;[19.071327382525194; 0.5];1.0;False;True;1.0182829881637074;16;19.549800178858835;27.188;in_progress;0.0
3;6.0;6.1475011786831715;0.967898006948223;2.3315154461186633;24.900000000000002;1.908722870904856;[24.900000000000002; 1.908722870904856];1.0;False;True;1.2374369027842085;16;19.549800178858835;27.253;in_progress;0.0
3;7.0;6.197293799510128;0.9867249860015672;6.2558804182644785;-22.364675536100172;3.081922196804459;[-22.364675536100172; 3.081922196804459];0.5;False;True;1.4922372230605607;16;19.549800178858835;27.316;in_progress;0.0
3;8.0;6.254332106097708;1.0115233638435295;10.486542250488197;24.900000000000002;0.5;[24.900000000000002; 0.5];0.001;False;True;1.784133266293919;17;19.549800178858835;27.381;in_progress;0.0
3;9.0;6.308453979791055;1.0313729870401558;12.973147651513074;24.900000000000002;3.4643784190587383;[24.900000000000002; 3.4643784190587383];0.001;False;True;2.060926921386183;17;19.549800178858835;27.453;in_progress;0.0
3;10.0;6.359303922343693;1.060874105679461;17.016810433337156;24.484076305624956;4.0;[24.484076305624956; 4.0];0.001;False;True;2.3211325544005232;17;19.549800178858835;27.515;in_progress;0.0
3;11.0;6.411712103186095;1.101810793146474;22.53689816931983;23.19017561108824;2.816975523926526;[23.19017561108824; 2.816975523926526];0.001;False;True;2.5893479558570744;18;19.549800178858835;27.587;in_progress;0.0
3;12.0;6.4714631031417404;1.1686359996078985;31.068297839223103;-4.035457739008827;2.7034094340638255;[-4.035457739008827; 2.7034094340638255];0.1;False;True;2.895211563534858;18;19.549800178858835;27.653;in_progress;0.0
3;13.0;6.542912140495496;1.243899840647479;37.46379090954097;-24.3;2.242809795922345;[-24.3; 2.242809795922345];0.001;False;False;3.2581127822708638;18;19.549800178858835;27.729;in_progress;0.0
3;14.0;6.623497097120385;1.3068326133758184;38.50315100971765;-8.517264877384148;3.0802416372470747;[-8.517264877384148; 3.0802416372470747];0.001;False;False;3.6699111012352374;19;19.549800178858835;27.783;in_progress;0.0
3;15.0;6.723974051130134;1.3710944041587783;35.92009278884052;24.900000000000002;0.5893660592047111;[24.900000000000002; 0.5893660592047111];0.001;False;False;4.1757917894812175;19;19.549800178858835;27.857;in_progress;0.0
3;16.0;6.819131085235001;1.4307572381661213;32.64678624300671;4.0377582067508655;4.0;[4.0377582067508655; 4.0];0.001;False;False;4.66104137828639;20;19.549800178858835;27.917;in_progress;0.0
3;17.0;6.913189346191047;1.4997090978962841;33.9750508565339;24.900000000000002;4.0;[24.900000000000002; 4.0];0.001;True;False;5.126805936156861;20;19.549800178858835;27.989;off_track;0.0
4;1.0;7.023515776899465;0.9550660881981456;-0.28839279349339264;-1.7251979354144389;3.447497549390185;[-1.7251979354144389; 3.447497549390185];0.0;False;True;0.7183285756202168;21;19.549800178858835;28.115;prepare;0.0
4;2.0;7.023082605206498;0.9550996180716254;-0.27905318224074915;13.159229468664162;1.3217545634677146;[13.159229468664162; 1.3217545634677146];1.0;False;True;0.7161112713167828;21;19.549800178858835;28.181;in_progress;0.0
4;3.0;7.031227821118816;0.952703348005289;-0.8878748320778729;24.900000000000002;1.827713792295965;[24.900000000000002; 1.827713792295965];1.0;False;True;0.7578929524244632;21;19.549800178858835;28.249;in_progress;0.0
4;4.0;7.054647971410304;0.9591268201920098;0.7621828093934895;-0.9695080143746608;4.0;[-0.9695080143746608; 4.0];1.0;False;True;0.8773636639662741;21;19.549800178858835;28.319;in_progress;0.0
4;5.0;7.1023266536533045;0.9744898838156203;4.188874851014115;-17.677773134926056;4.0;[-17.677773134926056; 4.0];1.0;False;True;1.1217450562876041;21;19.549800178858835;28.382;in_progress;0.0
4;6.0;7.138921812922629;0.9771587244020793;4.240775984818887;-24.3;2.5799697301395956;[-24.3; 2.5799697301395956];1.0;False;True;1.3089652661774476;21;19.549800178858835;28.457;in_progress;0.0
4;7.0;7.200139486777913;0.9668385777238027;0.8877982068738521;-21.39077606278157;3.092125499192978;[-21.39077606278157; 3.092125499192978];1.0;False;True;1.6219805997335883;22;19.549800178858835;28.519;in_progress;0.0
4;8.0;7.267097353072646;0.9420907802304725;-4.995793639914804;-14.108305677924665;1.2926256870057324;[-14.108305677924665; 1.2926256870057324];0.5;False;True;1.964188697519123;22;19.549800178858835;28.582;in_progress;0.0
4;9.0;7.337888832914632;0.9077775977968778;-11.340246916290337;-24.3;1.3053908209540683;[-24.3; 1.3053908209540683];0.001;False;True;2.308963047814508;22;19.549800178858835;28.649;in_progress;0.0
4;10.0;7.4149855892661165;0.8585244288631634;-18.609812483887204;22.79426918605;3.025436784890814;[22.79426918605; 3.025436784890814];0.001;False;True;2.6846916662298437;23;19.549800178858835;28.712;in_progress;0.0
4;11.0;7.485071811069259;0.8090131037684506;-24.038732614766037;-8.370776035608094;1.5998047262749076;[-8.370776035608094; 1.5998047262749076];0.1;False;True;3.007251360449076;23;19.549800178858835;28.786;in_progress;0.0
4;12.0;7.573527575218083;0.7559233882702672;-26.78073067164086;-24.3;0.6901908854586702;[-24.3; 0.6901908854586702];0.1;False;True;3.318858142457479;23;19.549800178858835;28.85;in_progress;0.0
4;13.0;7.644413547170152;0.7028439289401306;-30.12809210460447;-0.8916232546019387;1.2325485537264416;[-0.8916232546019387; 1.2325485537264416];0.001;False;False;3.6233675379739565;24;19.549800178858835;28.914;in_progress;0.0
4;14.0;7.719652250727494;0.6508374606146348;-31.653090836478576;19.066473359058417;2.165234924430215;[19.066473359058417; 2.165234924430215];0.001;False;False;3.9507786353300487;24;19.549800178858835;28.979;in_progress;0.0
4;15.0;7.7977586178849165;0.6057709589550594;-31.008692034892515;-24.3;2.590873485307289;[-24.3; 2.590873485307289];0.001;False;False;4.005709870335206;24;19.549800178858835;29.053;in_progress;0.0
4;16.0;7.879487809854282;0.5567201756689658;-31.14280626126661;8.226317146034749;3.3303368007996705;[8.226317146034749; 3.3303368007996705];0.001;False;False;4.268419781169302;24;19.549800178858835;29.114;in_progress;0.0
4;17.0;7.979264236594998;0.4905717436451192;-31.757864924761908;24.900000000000002;3.7874916973424795;[24.900000000000002; 3.7874916973424795];0.001;True;False;4.632761172780953;25;19.549800178858835;29.187;off_track;0.0
5;1.0;7.976548511805669;1.1190384092615073;19.917667076750035;12.861282529452208;2.96839779130812;[12.861282529452208; 2.96839779130812];0.0;False;True;0.7056316175847677;26;19.549800178858835;29.318;prepare;0.0
5;2.0;7.9764837425598705;1.1191271429219432;19.94467583558705;24.900000000000002;2.083963488348276;[24.900000000000002; 2.083963488348276];0.5;False;True;0.7055697425158991;26;19.549800178858835;29.383;in_progress;0.0
5;3.0;7.981735756631035;1.1224557798573662;20.18556127013636;3.320847750930337;2.7708722985867347;[3.320847750930337; 2.7708722985867347];0.5;False;True;0.7373439141737936;26;19.549800178858835;29.446;in_progress;0.0
5;4.0;7.995397148094416;1.1304943932439622;21.016524228975115;-21.93734548900889;3.014927226075394;[-21.93734548900889; 3.014927226075394];0.5;False;True;0.8184183062696138;26;19.549800178858835;29.515;in_progress;0.0
5;5.0;8.029244710250213;1.1382904230413011;19.837601740046875;24.332472649055266;0.5;[24.332472649055266; 0.5];0.5;False;True;0.988472583945682;26;19.549800178858835;29.591;in_progress;0.0
5;6.0;8.075517608517456;1.1447671162253552;17.11692541956878;3.6604900226220565;0.5;[3.6604900226220565; 0.5];0.001;False;True;1.1639632944830502;26;19.549800178858835;29.662;in_progress;0.0
5;7.0;8.10896507204597;1.1580273325944879;17.811375549492656;-10.958381176745274;3.8912185947127167;[-10.958381176745274; 3.8912185947127167];0.001;False;True;1.3392171320939505;26;19.549800178858835;29.719;in_progress;0.0
5;8.0;8.143739001487088;1.175680419813849;19.303668554753948;9.891548754325026;0.5;[9.891548754325026; 0.5];0.001;False;True;1.5339775391325638;27;19.549800178858835;29.787;in_progress;0.0
5;9.0;8.179609641898859;1.2008056390379165;21.861928254291048;-24.3;1.1828827567340974;[-24.3; 1.1828827567340974];0.001;False;True;1.7573349457972065;27;19.549800178858835;29.854;in_progress;0.0
5;10.0;8.21788197941047;1.2248924555759069;23.700814269522308;-0.3491470381658921;0.809842604815271;[-0.3491470381658921; 0.809842604815271];0.001;False;True;1.9868130415190366;27;19.549800178858835;29.915;in_progress;0.0
5;11.0;8.261756700149446;1.2473884194860163;24.328602510117086;-4.832007860214858;1.8980280581490256;[-4.832007860214858; 1.8980280581490256];0.001;False;True;2.149386868239672;27;19.549800178858835;29.981;in_progress;0.0
5;12.0;8.314274382226746;1.274878259657114;25.071991308900536;-24.3;0.5;[-24.3; 0.5];0.001;False;True;2.432010615505964;27;19.549800178858835;30.052;in_progress;0.0
5;13.0;8.372020187040786;1.30119368783763;25.050744354047655;24.900000000000002;3.287420879761994;[24.900000000000002; 3.287420879761994];0.001;False;True;2.7277022315008725;28;19.549800178858835;30.115;in_progress;0.0
5;14.0;8.430046497878687;1.3239291803029645;24.356622700710737;-24.3;0.5;[-24.3; 0.5];0.1;False;True;2.999562444587517;28;19.549800178858835;30.184;in_progress;0.0
5;15.0;8.484015926672418;1.3488065996015142;25.06066805570506;6.643166827430534;2.6190946781534787;[6.643166827430534; 2.6190946781534787];0.1;False;True;3.1189101587008827;28;19.549800178858835;30.256;in_progress;0.0
5;16.0;8.553175182440503;1.377006283141041;24.477373515069278;24.900000000000002;0.8204267024372724;[24.900000000000002; 0.8204267024372724];0.1;False;True;3.4285638156987766;28;19.549800178858835;30.314;in_progress;0.0
5;17.0;8.593000660151727;1.405135181627773;26.313600422670863;-15.313150619189631;0.5;[-15.313150619189631; 0.5];0.1;False;False;3.6584759204872253;29;19.549800178858835;30.384;in_progress;0.0
5;18.0;8.641690495384118;1.4360249134714704;27.85854671242949;-7.292063976736209;2.860785523115843;[-7.292063976736209; 2.860785523115843];0.001;False;False;3.9243730262157883;29;19.549800178858835;30.455;in_progress;0.0
5;19.0;8.705074365918083;1.458453519361278;25.606423194278676;-6.426264226698933;2.8842510447841088;[-6.426264226698933; 2.8842510447841088];0.001;False;False;3.9992780322292254;29;19.549800178858835;30.515;in_progress;0.0
5;20.0;8.773807249990469;1.4778403710410675;22.837475789468854;14.13976779614524;1.2145692947647895;[14.13976779614524; 1.2145692947647895];0.001;False;False;4.103302032419909;29;19.549800178858835;30.584;in_progress;0.0
5;21.0;8.858031455973869;1.505684979638089;21.11347635555819;2.8817878213576016;3.8170901642364226;[2.8817878213576016; 3.8170901642364226];0.001;False;False;4.394884275986843;29;19.549800178858835;30.65;in_progress;0.0
5;22.0;8.941838172674391;1.5444087863166636;22.356914669833564;-21.036330904728977;4.0;[-21.036330904728977; 4.0];0.001;True;False;4.737384941857414;30;19.549800178858835;30.715;off_track;0.0
6;1.0;8.50019373312842;1.924354188344889;77.42082809147539;1.839057757943955;0.5;[1.839057757943955; 0.5];0.0;False;True;0.717397323455754;31;19.549800178858835;30.848;prepare;0.0
6;2.0;8.500120454965497;1.9241146483387526;77.43856283216113;-6.0855337432539045;0.9272914614183273;[-6.0855337432539045; 0.9272914614183273];1.0;False;True;0.7161198514519684;31;19.549800178858835;30.921;in_progress;0.0
6;3.0;8.50089867306893;1.9304328848187773;77.62513276647562;10.027072695571814;0.7550039297177928;[10.027072695571814; 0.7550039297177928];1.0;False;True;0.7485306735507347;31;19.549800178858835;30.982;in_progress;0.0
6;4.0;8.501913539963727;1.950097629229332;78.32204144287155;-8.034906803778;1.9087530025110166;[-8.034906803778; 1.9087530025110166];1.0;False;True;0.8478399046481455;31;19.549800178858835;31.049;in_progress;0.0
6;5.0;8.506229677930746;1.9860386667776904;78.94452671344412;3.5743920899214565;1.464477393049327;[3.5743920899214565; 1.464477393049327];0.5;False;True;1.036443286727018;31;19.549800178858835;31.126;in_progress;0.0
6;6.0;8.517904163720848;2.0367062047967703;78.52325780978965;-13.39154528753487;3.1437708310988772;[-13.39154528753487; 3.1437708310988772];0.5;False;True;1.3001885108929967;31;19.549800178858835;31.184;in_progress;0.0
6;7.0;8.53181210211433;2.0993907571300694;78.16348478543367;3.5654383061028483;2.0018201596087666;[3.5654383061028483; 2.0018201596087666];0.5;False;True;1.6262212815767452;32;19.549800178858835;31.252;in_progress;0.0
6;8.0;8.55495984655487;2.173849579746348;76.46143735417729;-9.835054648362638;4.0;[-9.835054648362638; 4.0];0.001;False;True;2.0081109084851;32;19.549800178858835;31.317;in_progress;0.0
6;9.0;8.574112647380504;2.256583694100943;76.54186601526892;-0.8550957116717406;2.0025425457770165;[-0.8550957116717406; 2.0025425457770165];0.001;False;True;2.433757377229523;32;19.549800178858835;31.385;in_progress;0.0
6;10.0;8.59418524641378;2.353948260677767;77.21371544897808;3.9468749767358062;3.1080261300255376;[3.9468749767358062; 3.1080261300255376];0.001;False;True;2.934339150008297;33;19.549800178858835;31.45;in_progress;0.0
6;11.0;8.612120477466355;2.471603951465367;78.95564927403395;1.7476071470001742;2.7245296368684873;[1.7476071470001742; 2.7245296368684873];0.001;False;True;3.533752811681423;34;19.549800178858835;31.514;in_progress;0.0
6;12.0;8.627547107578685;2.5990740368327083;80.95514595381788;23.624189631946788;3.174464777064763;[23.624189631946788; 3.174464777064763];0.5;False;True;4.178164375441057;34;19.549800178858835;31.586;in_progress;0.0
6;13.0;8.636828714807695;2.738843451186552;83.70730896055589;-13.651414171859212;4.0;[-13.651414171859212; 4.0];0.5;False;True;4.892865931405021;35;19.549800178858835;31.65;in_progress;0.0
6;14.0;8.642636313746435;2.8948855318776405;85.90508390947316;-8.786421014392728;0.5;[-8.786421014392728; 0.5];0.5;False;True;5.678937821863389;36;19.549800178858835;31.718;in_progress;0.0
6;15.0;8.665141761016482;3.0582551016483213;83.78682506185143;16.58819818053851;0.5;[16.58819818053851; 0.5];0.001;False;True;6.465793857408785;36;19.549800178858835;31.768;in_progress;0.0
6;16.0;8.683550395444069;3.192289689838707;83.14834242551737;-19.190770150750982;0.5629549232779857;[-19.190770150750982; 0.5629549232779857];0.1;False;True;7.040705970120325;37;19.549800178858835;31.843;in_progress;0.0
6;17.0;8.691777759172222;3.3104276299061195;84.65111301701965;-1.3699519482651112;0.5;[-1.3699519482651112; 0.5];0.1;False;True;7.6240776729527395;38;19.549800178858835;31.919;in_progress;0.0
6;18.0;8.703842736960851;3.4101072089092264;83.9996805458549;-24.3;1.9148421590471554;[-24.3; 1.9148421590471554];0.1;False;True;8.002550161014938;38;19.549800178858835;31.993;in_progress;0.0
6;19.0;8.72591715672503;3.519785615741217;81.71811242208706;-24.3;4.0;[-24.3; 4.0];0.001;False;False;8.416082336684633;38;19.549800178858835;32.041;in_progress;0.0
6;20.0;8.76234672077415;3.6304069616508317;77.44500015642986;0.712658192407428;1.7638626892408447;[0.712658192407428; 1.7638626892408447];0.001;False;False;8.882674617270148;39;19.549800178858835;32.124;in_progress;0.0
6;21.0;8.805619317190661;3.756550170519967;74.29491271701193;-12.623896719806107;2.9542193521115583;[-12.623896719806107; 2.9542193521115583];0.001;False;False;9.019376692141739;39;19.549800178858835;32.183;in_progress;0.0
6;22.0;8.84470740912308;3.8708258868760743;72.81310905002972;3.5220925455961023;3.7128169659897035;[3.5220925455961023; 3.7128169659897035];0.001;True;False;9.427136105375144;39;19.549800178858835;32.249;off_track;0.0
7;1.0;8.537114875812682;2.8994817577927265;90.2788069788739;-7.505357927173048;4.0;[-7.505357927173048; 4.0];0.0;False;True;0.716850147148651;36;19.549800178858835;32.384;prepare;0.0
7;2.0;8.537130808578597;2.8993060156741635;90.27805026560293;-14.26409396738819;2.186518038536044;[-14.26409396738819; 2.186518038536044];1.0;False;True;0.7159493458916144;36;19.549800178858835;32.452;in_progress;0.0
7;3.0;8.536542562093361;2.906149541203267;90.4071993922511;16.70414172720086;1.4307784011167461;[16.70414172720086; 1.4307784011167461];1.0;False;True;0.7510228044601053;36;19.549800178858835;32.52;in_progress;0.0
7;4.0;8.530152050270857;2.9248671524319367;91.92985191139485;-5.671920364652447;3.5816200374495035;[-5.671920364652447; 3.5816200374495035];1.0;False;True;0.847604621712239;36;19.549800178858835;32.584;in_progress;0.0
7;5.0;8.516814815937703;2.960209887563371;94.79221041308921;-1.1523352460627159;0.5;[-1.1523352460627159; 0.5];1.0;False;True;1.0352224123423737;36;19.549800178858835;32.653;in_progress;0.0
7;6.0;8.509593886752603;2.999071965781166;96.0710701320327;7.585427783479869;2.338282167090877;[7.585427783479869; 2.338282167090877];1.0;False;True;1.2365396496886227;36;19.549800178858835;32.715;in_progress;0.0
7;7.0;8.49812654949179;3.040772396873901;97.72914020474037;-23.4219108806355;3.5755533747422823;[-23.4219108806355; 3.5755533747422823];1.0;False;True;1.4542872702241638;36;19.549800178858835;32.781;in_progress;0.0
7;8.0;8.483164806924496;3.0961993579823006;99.17559925099825;24.900000000000002;2.0693502732888547;[24.900000000000002; 2.0693502732888547];1.0;False;True;1.7435807187698882;37;19.549800178858835;32.855;in_progress;0.0
7;9.0;8.465548360759575;3.166728957307855;100.53557597853941;24.900000000000002;2.7078125657441134;[24.900000000000002; 2.7078125657441134];1.0;False;True;2.137649602910452;37;19.549800178858835;32.916;in_progress;0.0
7;10.0;8.429869596407201;3.236076759474777;105.54506603457703;24.900000000000002;4.0;[24.900000000000002; 4.0];1.0;False;True;2.5219017401426402;38;19.549800178858835;32.985;in_progress;0.0
7;11.0;8.37303356236815;3.313965961497816;113.01872313244394;3.9278105632761324;0.5;[3.9278105632761324; 0.5];1.0;False;True;3.051901258144146;38;19.549800178858835;33.045;in_progress;0.0
7;12.0;8.31441500449869;3.385734271413251;121.55621544980798;12.977025457287528;0.5;[12.977025457287528; 0.5];0.001;False;True;3.5000054401222225;38;19.549800178858835;33.114;in_progress;0.0
7;13.0;8.25717834030282;3.4408415874293707;130.67656862275055;7.247970415145556;0.5;[7.247970415145556; 0.5];0.1;False;True;3.8656937760551733;39;19.549800178858835;33.184;in_progress;0.0
7;14.0;8.207073828759814;3.4846686746615823;136.07298706081275;9.861642799755511;1.5287683492751998;[9.861642799755511; 1.5287683492751998];0.1;False;True;4.334956552645009;39;19.549800178858835;33.25;in_progress;0.0
7;15.0;8.151660681757882;3.517789497175519;139.4734405388313;-13.441348118227763;0.5;[-13.441348118227763; 0.5];0.1;False;True;4.622877014059873;40;19.549800178858835;33.313;in_progress;0.0
7;16.0;8.10311320548295;3.5516986857276267;140.91262619229087;24.900000000000002;1.311128973599726;[24.900000000000002; 1.311128973599726];0.1;False;True;5.1177976006264005;40;19.549800178858835;33.38;in_progress;0.0
7;17.0;8.052357551096856;3.5886194503086575;141.76830994913303;24.900000000000002;4.0;[24.900000000000002; 4.0];0.1;False;False;5.428874113500154;40;19.549800178858835;33.451;in_progress;0.0
7;18.0;7.988278514273628;3.6189798847599763;145.31259759469566;16.322005245437527;0.5;[16.322005245437527; 0.5];0.001;False;False;5.757602246683463;41;19.549800178858835;33.528;in_progress;0.0
7;19.0;7.913669536285659;3.632942165048484;152.89112401201834;8.73340705410833;0.8486710047765498;[8.73340705410833; 0.8486710047765498];0.001;False;False;6.3720762274463825;41;19.549800178858835;33.584;in_progress;0.0
7;20.0;7.8521971044615775;3.6406624688566773;158.31435481913124;-10.38684254306129;0.5;[-10.38684254306129; 0.5];0.001;False;False;6.638339916449443;42;19.549800178858835;33.634;in_progress;0.0
7;21.0;7.791247842706502;3.657008281264708;160.00268226218506;-13.771906626011376;4.0;[-13.771906626011376; 4.0];0.001;False;False;7.289097696346913;42;19.549800178858835;33.71;in_progress;0.0
7;22.0;7.7399073217919865;3.6801393795650825;159.03042897009388;-1.2335987169724554;3.9584300140541036;[-1.2335987169724554; 3.9584300140541036];0.001;False;False;7.575747825712131;43;19.549800178858835;33.786;in_progress;0.0
7;23.0;7.67250401107578;3.710863371825596;158.10972564933675;9.697577343595615;2.04987935383512;[9.697577343595615; 2.04987935383512];0.001;False;False;8.296852841517921;43;19.549800178858835;33.85;in_progress;0.0
7;24.0;7.584670503780042;3.735332425070199;160.2246418915897;-20.19223679695275;1.5915416270293012;[-20.19223679695275; 1.5915416270293012];0.001;True;False;8.761610612295762;44;19.549800178858835;33.913;off_track;0.0
8;1.0;8.22146753275775;3.802012934965264;129.64771395862215;-20.486227523283784;1.0067512877259062;[-20.486227523283784; 1.0067512877259062];0.0;False;True;0.7173038063527593;41;19.549800178858835;34.046;prepare;0.0
8;2.0;8.221600365935466;3.80182240340491;129.6516960922127;-24.3;3.9690024829433592;[-24.3; 3.9690024829433592];1.0;False;True;0.7161198514519629;41;19.549800178858835;34.116;in_progress;0.0
8;3.0;8.215073203082188;3.805424624789193;130.26462872393776;-2.2108914255136938;0.5968729997994647;[-2.2108914255136938; 0.5968729997994647];1.0;False;True;0.7516117367264152;41;19.549800178858835;34.184;in_progress;0.0
8;4.0;8.20555011760875;3.8183716578389664;129.86437350716264;24.900000000000002;4.0;[24.900000000000002; 4.0];1.0;False;True;0.8336855749582872;41;19.549800178858835;34.251;in_progress;0.0
8;5.0;8.187475180727759;3.8371998495049153;130.16592344133633;10.233630606850294;4.0;[10.233630606850294; 4.0];1.0;False;True;0.9668352533310831;41;19.549800178858835;34.321;in_progress;0.0
8;6.0;8.155263758980485;3.8626582339560125;132.03757689828717;-3.4822064965886383;2.074501368347014;[-3.4822064965886383; 2.074501368347014];0.5;False;True;1.1806572318073416;41;19.549800178858835;34.384;in_progress;0.0
8;7.0;8.111740387862422;3.9032008387463852;133.24507694718775;-11.796152067369894;2.5281702210590273;[-11.796152067369894; 2.5281702210590273];0.5;False;True;1.484501969613733;41;19.549800178858835;34.452;in_progress;0.0
8;8.0;8.061388015699757;3.958799065998447;132.89255908562743;24.900000000000002;0.5230481139174086;[24.900000000000002; 0.5230481139174086];0.5;False;True;1.8646068061427878;42;19.549800178858835;34.516;in_progress;0.0
8;9.0;8.01333019663793;4.008061392696635;132.81065069160798;-24.3;4.0;[-24.3; 4.0];0.001;False;True;2.1986671393762034;42;19.549800178858835;34.59;in_progress;0.0
8;10.0;7.96458563251397;4.04987726334528;134.02042727221473;24.900000000000002;2.4375294267881724;[24.900000000000002; 2.4375294267881724];0.001;False;True;2.521416300420065;43;19.549800178858835;34.649;in_progress;0.0
8;11.0;7.9019944714398465;4.109021856992922;134.94276106292224;-4.939463999039738;3.2491091744799743;[-4.939463999039738; 3.2491091744799743];0.001;False;True;2.9497355780084944;43;19.549800178858835;34.695;in_progress;0.0
8;12.0;7.83368811895962;4.165149080792121;136.89808122315887;-14.25206575607435;3.298823517016343;[-14.25206575607435; 3.298823517016343];0.001;False;True;3.3323892830065036;43;19.549800178858835;34.782;in_progress;0.0
8;13.0;7.761836165238414;4.246795255865017;134.59614769503335;4.1135513356964;4.0;[4.1135513356964; 4.0];0.001;False;True;3.8222661584759177;44;19.549800178858835;34.845;in_progress;0.0
8;14.0;7.681492264286345;4.341800245962564;132.59484896403276;2.6136921085015246;3.8163756561027844;[2.6136921085015246; 3.8163756561027844];0.1;False;True;4.232025705036752;44;19.549800178858835;34.917;in_progress;0.0
8;15.0;7.597675594345384;4.423435647476848;133.8911461909565;-10.321560320309326;2.0830055121694824;[-10.321560320309326; 2.0830055121694824];0.1;False;True;4.739164288234271;45;19.549800178858835;34.981;in_progress;0.0
8;16.0;7.48707892976868;4.532220424488826;134.74665349052106;12.514146989938478;4.0;[12.514146989938478; 4.0];0.001;False;False;5.208682922312496;45;19.549800178858835;35.054;in_progress;0.0
8;17.0;7.3785768389982485;4.6396950452004715;135.31926113435887;2.1902859622232853;0.5;[2.1902859622232853; 0.5];0.001;False;False;5.81606880457165;46;19.549800178858835;35.12;in_progress;0.0
8;18.0;7.25802685478318;4.726301750740084;140.5932942172221;24.900000000000002;2.901365468559522;[24.900000000000002; 2.901365468559522];0.001;True;False;6.28421703846066;46;19.549800178858835;35.175;off_track;0.0
9;1.0;7.3526296628354375;4.189714278274146;174.27755754882975;22.98467498578736;3.206363734720548;[22.98467498578736; 3.206363734720548];0.0;False;True;0.7170671345339774;46;19.549800178858835;35.319;prepare;0.0
9;2.0;7.352840541121181;4.18995954861075;174.23873317196097;-8.801567466965258;1.669811345677339;[-8.801567466965258; 1.669811345677339];1.0;False;True;0.716119851451974;46;19.549800178858835;35.383;in_progress;0.0
9;3.0;7.342186433337137;4.187813415918836;175.05617876425245;8.100245135370823;1.8119812675196547;[8.100245135370823; 1.8119812675196547];1.0;False;True;0.7692398571097048;46;19.549800178858835;35.432;in_progress;0.0
9;4.0;7.31708018688729;4.183339863269726;176.6787491114625;15.851630000939604;2.4722993440542096;[15.851630000939604; 2.4722993440542096];1.0;False;True;0.8947161160397732;46;19.549800178858835;35.513;in_progress;0.0
9;5.0;7.264744407995844;4.166225730444894;-178.64831616649187;-16.599686226294445;4.0;[-16.599686226294445; 4.0];1.0;False;True;1.1635610159581034;46;19.549800178858835;35.584;in_progress;0.0
9;6.0;7.224884146997175;4.154442047447895;-175.9652636081371;-22.646879378829695;3.139941948460086;[-22.646879378829695; 3.139941948460086];0.5;False;True;1.3655434298729563;46;19.549800178858835;35.653;in_progress;0.0
9;7.0;7.161426443857853;4.152759496248204;-176.51639237158;-23.6584972447399;3.120717483980932;[-23.6584972447399; 3.120717483980932];0.5;False;True;1.6897319480501882;47;19.549800178858835;35.714;in_progress;0.0
9;8.0;7.08570111056637;4.1681745336590135;178.92046402119237;3.429041681788359;2.5800277989322393;[3.429041681788359; 2.5800277989322393];1.0;False;True;2.0844103920418853;47;19.549800178858835;35.785;in_progress;0.0
9;9.0;6.996387187475811;4.18104623446298;176.48451631576725;-5.803604493825716;0.5;[-5.803604493825716; 0.5];1.0;False;True;2.541265530649195;48;19.549800178858835;35.85;in_progress;0.0
9;10.0;6.906287087437527;4.193712418982424;174.77949174916597;-3.553726098349035;3.188441028556082;[-3.553726098349035; 3.188441028556082];0.5;False;True;3.0024033909752057;48;19.549800178858835;35.918;in_progress;0.0
9;11.0;6.814050811118463;4.211917679359059;172.6634291719829;0.23113184455800706;4.0;[0.23113184455800706; 4.0];0.5;False;True;3.473564947439761;48;19.549800178858835;35.985;in_progress;0.0
9;12.0;6.708235020777405;4.229163878682623;171.9129295583318;18.829677826952103;3.1022675918376557;[18.829677826952103; 3.1022675918376557];0.5;False;True;4.014753496493029;49;19.549800178858835;36.049;in_progress;0.0
9;13.0;6.585867720775177;4.2348553144030205;174.39644694811193;-24.3;1.1620933451641124;[-24.3; 1.1620933451641124];0.5;False;True;4.640583605899806;50;19.549800178858835;36.116;in_progress;0.0
9;14.0;6.467770806506398;4.233840128634877;178.11174797566073;-24.3;2.3796612769878216;[-24.3; 2.3796612769878216];1.0;False;True;5.245084402625267;50;19.549800178858835;36.186;in_progress;0.0
9;15.0;6.329192852920287;4.246739297868999;176.63234658334898;-8.970472466621578;1.7244957116244555;[-8.970472466621578; 1.7244957116244555];1.0;False;True;5.9538704340150295;51;19.549800178858835;36.25;in_progress;0.0
9;16.0;6.229915744749987;4.266980238585611;173.5404191257958;-24.3;3.1309391115237575;[-24.3; 3.1309391115237575];0.5;False;True;6.462069084383238;51;19.549800178858835;36.31;in_progress;0.0
9;17.0;6.1053859646278745;4.303492308896494;168.83276441728185;-15.589618918624634;0.6651405198595093;[-15.589618918624634; 0.6651405198595093];0.001;False;True;7.099372258274883;52;19.549800178858835;36.378;in_progress;0.0
9;18.0;5.978434440785028;4.362927078296796;161.01499108408498;-19.096743143192636;0.8911523409260615;[-19.096743143192636; 0.8911523409260615];0.1;False;True;7.749019455483097;53;19.549800178858835;36.449;in_progress;0.0
9;19.0;5.882467108515036;4.417821273555821;155.32957056533314;-24.3;4.0;[-24.3; 4.0];0.1;False;True;8.240099843903902;53;19.549800178858835;36.516;in_progress;0.0
9;20.0;5.7892084191625495;4.4845420839085115;150.30930109362586;18.01175243503955;0.8548037932121018;[18.01175243503955; 0.8548037932121018];0.001;False;False;8.717419324943576;54;19.549800178858835;36.586;in_progress;0.0
9;21.0;5.690157342102045;4.553604833707338;146.12242994142173;-11.655234675517638;1.581192635616731;[-11.655234675517638; 1.581192635616731];0.001;False;False;9.223979358929713;54;19.549800178858835;36.654;in_progress;0.0
9;22.0;5.612837026430532;4.611285752228104;143.87289629536792;-24.3;0.5;[-24.3; 0.5];0.001;False;False;9.61966792099428;55;19.549800178858835;36.716;in_progress;0.0
9;23.0;5.539875833194216;4.681407759865806;140.21870426812717;0.6320322809182919;1.595801179440176;[0.6320322809182919; 1.595801179440176];0.001;False;False;9.99309870091385;55;19.549800178858835;36.783;in_progress;0.0
9;24.0;5.467429260490311;4.752765436914419;138.35348794828496;-24.3;2.727521711295852;[-24.3; 2.727521711295852];0.001;True;False;10.363272913966403;55;19.549800178858835;36.847;off_track;0.0
10;1.0;6.375390861321499;4.199200594894809;-179.92297667103733;4.195511688886153;3.4740259863697487;[4.195511688886153; 3.4740259863697487];0.0;False;True;0.7177806776318907;51;19.549800178858835;36.985;prepare;0.0
10;2.0;6.375715573815199;4.199173829119754;-179.94827815865793;15.931387540086245;4.0;[15.931387540086245; 4.0];1.0;False;True;0.7161198514519629;51;19.549800178858835;37.031;in_progress;0.0
10;3.0;6.367639578079431;4.198095708384151;-179.9398096828803;6.211356720226096;0.5;[6.211356720226096; 0.5];1.0;False;True;0.7574346761994588;51;19.549800178858835;37.114;in_progress;0.0
10;4.0;6.352901217777473;4.198948345419467;179.41912675635749;-4.750580386322721;1.7872555017653036;[-4.750580386322721; 1.7872555017653036];1.0;False;True;0.8328195111985515;51;19.549800178858835;37.18;in_progress;0.0
10;5.0;6.321237040068047;4.20120553530446;178.97044293847568;-24.3;4.0;[-24.3; 4.0];1.0;False;True;0.9947757814218916;51;19.549800178858835;37.248;in_progress;0.0
10;6.0;6.284599540591673;4.205267391650676;178.18878608435432;5.579838057681769;3.6488084922182416;[5.579838057681769; 3.6488084922182416];1.0;False;True;1.1822060760601383;51;19.549800178858835;37.312;in_progress;0.0
10;7.0;6.2191810371965905;4.213618788976921;176.94100032633617;17.978163117200662;3.7566307917187487;[17.978163117200662; 3.7566307917187487];1.0;False;True;1.5168509439958011;52;19.549800178858835;37.379;in_progress;0.0
10;8.0;6.15479281645007;4.2060988939644295;179.44595149482745;15.212445887502046;2.489117864313951;[15.212445887502046; 2.489117864313951];1.0;False;True;1.8461877931350956;52;19.549800178858835;37.456;in_progress;0.0
10;9.0;6.062149879927097;4.181376166138772;-174.96279364881985;24.900000000000002;4.0;[24.900000000000002; 4.0];0.5;False;True;2.319971168596396;52;19.549800178858835;37.521;in_progress;0.0
10;10.0;5.96787463696415;4.142819449249285;-168.29617635841097;18.421331421457207;2.868659445213603;[18.421331421457207; 2.868659445213603];0.001;False;True;2.8020254904867983;53;19.549800178858835;37.584;in_progress;0.0
10;11.0;5.868751777303154;4.083412412538001;-159.80311886983063;1.892939605173634;0.5;[1.892939605173634; 0.5];0.001;False;True;3.308811049032051;53;19.549800178858835;37.652;in_progress;0.0
10;12.0;5.758791091850596;4.009964998673184;-150.49749307560242;24.900000000000002;1.235747369811224;[24.900000000000002; 1.235747369811224];0.1;False;True;3.870958056443513;54;19.549800178858835;37.717;in_progress;0.0
10;13.0;5.676348946632694;3.9580657492847853;-147.0946926871428;3.436891655061242;4.0;[3.436891655061242; 4.0];0.1;False;True;4.2927088054418086;54;19.549800178858835;37.78;in_progress;0.0
10;14.0;5.589344782021355;3.8957244944796647;-145.75965428452585;-12.696644756477578;2.370979844012095;[-12.696644756477578; 2.370979844012095];0.001;False;False;4.737548209304859;55;19.549800178858835;37.849;in_progress;0.0
10;15.0;5.4857639167174375;3.8273515924164485;-146.06236726336076;-7.182623536623616;3.1016004448243;[-7.182623536623616; 3.1016004448243];0.001;False;False;5.267583423814198;55;19.549800178858835;37.909;in_progress;0.0
10;16.0;5.379342240605754;3.7716476370448095;-148.881086747104;-24.3;0.6726766147640661;[-24.3; 0.6726766147640661];0.001;False;False;5.811830666572232;56;19.549800178858835;37.99;in_progress;0.0
10;17.0;5.250932856751099;3.722882787491766;-155.00603519164034;-24.3;1.9783522101186741;[-24.3; 1.9783522101186741];0.001;True;False;6.468973516481586;56;19.549800178858835;38.052;off_track;0.0
11;1.0;5.398061351480483;4.199697108422919;179.993964659535;-22.651160129224486;4.0;[-22.651160129224486; 4.0];0.0;False;True;0.7169609849724479;56;19.549800178858835;38.186;prepare;0.0
11;2.0;5.398225806421362;4.199734391066445;179.9769402868167;-21.36086251342728;0.5;[-21.36086251342728; 0.5];1.0;False;True;0.7161198514519684;56;19.549800178858835;38.252;in_progress;0.0
11;3.0;5.390881180300269;4.202581958694799;179.28115705816305;-24.3;4.0;[-24.3; 4.0];1.0;False;True;0.7536945146896068;56;19.549800178858835;38.269;in_progress;0.0
11;4.0;5.371895718044535;4.209346807037505;177.82067457795745;24.900000000000002;4.0;[24.900000000000002; 4.0];1.0;False;True;0.8508217649875194;56;19.549800178858835;38.378;in_progress;0.0
11;5.0;5.326770698618351;4.215149921363975;176.9412031809263;-20.34455155523407;0.5;[-20.34455155523407; 0.5];1.0;False;True;1.0816413014660742;56;19.549800178858835;38.435;in_progress;0.0
11;6.0;5.2961442448412575;4.21312215562131;177.51082102220786;-14.540765608614402;1.6911088743491027;[-14.540765608614402; 1.6911088743491027];1.0;False;True;1.2382975243617866;56;19.549800178858835;38.515;in_progress;0.0
11;7.0;5.2526942002319865;4.219220511605842;176.47361114593397;3.5195277989125593;3.593811700342589;[3.5195277989125593; 3.593811700342589];1.0;False;True;1.4605579553174763;56;19.549800178858835;38.579;in_progress;0.0
11;8.0;5.193610098558755;4.2318882250399845;174.48632120691482;12.316877754023057;3.094283638254213;[12.316877754023057; 3.094283638254213];0.5;False;True;1.7627966642709048;57;19.549800178858835;38.655;in_progress;0.0
11;9.0;5.114200391281877;4.232133355901761;176.15968901256332;-13.276335982524957;0.5;[-13.276335982524957; 0.5];1.0;False;True;2.1689621412201987;57;19.549800178858835;38.713;in_progress;0.0
11;10.0;5.03631642698974;4.234305657333619;176.9623711046075;-24.3;2.9027825600015302;[-24.3; 2.9027825600015302];1.0;False;True;2.5673504652863555;58;19.549800178858835;38.798;in_progress;0.0
11;11.0;4.951537144073565;4.251350440829572;174.14994100056674;-5.988788736276739;1.8563533866174686;[-5.988788736276739; 1.8563533866174686];0.5;False;True;3.0009748456424457;58;19.549800178858835;38.851;in_progress;0.0
11;12.0;4.877412743255877;4.268823693797508;171.9167605725016;1.5596861697183613;2.4663882360128264;[1.5596861697183613; 2.4663882360128264];0.5;False;True;3.3801245769933375;58;19.549800178858835;38.916;in_progress;0.0
11;13.0;4.778778229560134;4.283609710883031;171.77839359984407;20.28332587619742;0.5;[20.28332587619742; 0.5];0.5;False;True;3.884648100861754;59;19.549800178858835;38.983;in_progress;0.0
11;14.0;4.679694336390112;4.290874747861095;173.0985514092431;5.980973550639998;0.5;[5.980973550639998; 0.5];0.5;False;True;4.391407729248531;59;19.549800178858835;39.054;in_progress;0.0
11;15.0;4.596072884264275;4.2900455122351335;175.47548122722404;-14.046685395984976;3.9574881196939753;[-14.046685395984976; 3.9574881196939753];1.0;False;True;4.819144237188622;60;19.549800178858835;39.116;in_progress;0.0
11;16.0;4.512932236099714;4.282244256045361;178.6678833933777;-24.3;3.254116276832726;[-24.3; 3.254116276832726];1.0;False;True;5.244368136548028;60;19.549800178858835;39.182;in_progress;0.0
11;17.0;4.4024069118014;4.292901917591878;177.0171149682617;1.366334243466735;1.726077683647071;[1.366334243466735; 1.726077683647071];1.0;False;True;5.809700917243643;61;19.549800178858835;39.237;in_progress;0.0
11;18.0;4.308876216057174;4.309803748871851;174.06786577859953;-18.58263446860615;2.1904585826768086;[-18.58263446860615; 2.1904585826768086];0.5;False;True;6.2879904647547775;61;19.549800178858835;39.311;in_progress;0.0
11;19.0;4.196019863870078;4.331158521557995;171.8726143710838;-11.910965881931169;0.5;[-11.910965881931169; 0.5];0.5;False;True;6.865207065713086;62;19.549800178858835;39.373;in_progress;0.0
11;20.0;4.090420218083124;4.371396388272683;165.8098844792152;0.8404443739708789;3.161688601605217;[0.8404443739708789; 3.161688601605217];0.1;False;True;7.405103775152055;62;19.549800178858835;39.454;in_progress;0.0
11;21.0;3.9869100601782965;4.421204927176818;160.87581547766396;-24.3;0.5;[-24.3; 0.5];0.1;False;True;7.934390926553703;63;19.549800178858835;39.519;in_progress;0.0
11;22.0;3.9008942968207414;4.465247682636938;158.73357494026945;-20.581069348606274;0.5;[-20.581069348606274; 0.5];0.1;False;False;8.373962087097475;63;19.549800178858835;39.585;in_progress;0.0
11;23.0;3.8187899244241064;4.51444726995282;155.28347735204835;20.640493157782718;4.0;[20.640493157782718; 4.0];0.001;False;False;8.793711395883852;64;19.549800178858835;39.604;in_progress;0.0
11;24.0;3.7425388534851023;4.561460826047799;153.26394965363173;24.900000000000002;1.4420026669819093;[24.900000000000002; 1.4420026669819093];0.001;False;False;9.182777198805848;64;19.549800178858835;39.721000000000004;in_progress;0.0
11;25.0;3.6548960545896554;4.594074669680979;155.14646931489375;2.3145574696987765;1.0351460653260172;[2.3145574696987765; 1.0351460653260172];0.001;False;False;9.630864524617266;65;19.549800178858835;39.786;in_progress;0.0
11;26.0;3.5632015016459584;4.62343385319768;157.6845351942928;-10.33623640105329;1.0793818712247136;[-10.33623640105329; 1.0793818712247136];0.001;False;False;10.097935160285786;65;19.549800178858835;39.861;in_progress;0.0
11;27.0;3.4819622468243927;4.654718380326253;158.07861310313868;24.900000000000002;0.5776561292152375;[24.900000000000002; 0.5776561292152375];0.001;False;False;10.513145779597554;66;19.549800178858835;39.915;in_progress;0.0
11;28.0;3.407053488815035;4.6785599580980675;159.45093026943943;-5.397883234240393;2.827231689743721;[-5.397883234240393; 2.827231689743721];0.001;True;False;10.896055676919648;66;19.549800178858835;39.984;off_track;0.0
12;1.0;4.420560515335051;4.199717848682744;179.99611599738935;-24.3;2.3374037485404657;[-24.3; 2.3374037485404657];0.0;False;True;0.7170165516198423;61;19.549800178858835;40.092;prepare;0.0
12;2.0;4.420735822498025;4.199706718675619;-179.97909819121418;-24.3;1.8262089228146345;[-24.3; 1.8262089228146345];1.0;False;True;0.7161198514519684;61;19.549800178858835;40.183;in_progress;0.0
12;3.0;4.412690640160299;4.198555175417421;-179.6961395196741;-1.202986583176724;1.023053442236523;[-1.202986583176724; 1.023053442236523];1.0;False;True;0.7572742459621362;61;19.549800178858835;40.248;in_progress;0.0
12;4.0;4.390816276725155;4.1995909834512295;-179.99107539679088;1.2505603144594382;1.6134630296189592;[1.2505603144594382; 1.6134630296189592];1.0;False;True;0.8691627763365184;61;19.549800178858835;40.317;in_progress;0.0
12;5.0;4.356872990971408;4.198017677794079;-179.6355880002512;-24.3;2.4317560980091772;[-24.3; 2.4317560980091772];1.0;False;True;1.0427919568798294;61;19.549800178858835;40.384;in_progress;0.0
12;6.0;4.3060984250483525;4.202539157387402;179.26066573248087;-24.3;4.0;[-24.3; 4.0];1.0;False;True;1.3024984124538008;61;19.549800178858835;40.449;in_progress;0.0
12;7.0;4.242369330967143;4.226031993016653;173.88444423015306;22.59163593042216;1.6117568742584256;[22.59163593042216; 1.6117568742584256];0.5;False;True;1.628416196562199;62;19.549800178858835;40.517;in_progress;0.0
12;8.0;4.170766541867637;4.24954806151913;169.08346106125805;16.73120279892139;0.581629316920816;[16.73120279892139; 0.581629316920816];0.001;False;True;1.994608976366652;62;19.549800178858835;40.587;in_progress;0.0
12;9.0;4.105996416238343;4.2579773585701055;169.07441845849996;-4.354191534389095;2.3075739359505643;[-4.354191534389095; 2.3075739359505643];0.001;False;True;2.3258434210462586;62;19.549800178858835;40.65;in_progress;0.0
12;10.0;4.025303506252891;4.263207007164739;171.225922685088;24.900000000000002;1.1981708133888225;[24.900000000000002; 1.1981708133888225];0.5;False;True;2.738579899209115;63;19.549800178858835;40.717;in_progress;0.0
12;11.0;3.946330973516222;4.266274746524219;172.9690885383007;-5.8492083545952624;3.8991645575910905;[-5.8492083545952624; 3.8991645575910905];0.5;False;True;3.142461241957084;63;19.549800178858835;40.783;in_progress;0.0
12;12.0;3.847663471052899;4.266183390997047;175.59634981890804;-24.3;3.377737974943482;[-24.3; 3.377737974943482];1.0;False;True;3.647159723861404;64;19.549800178858835;40.849;in_progress;0.0
12;13.0;3.758303702520144;4.2774244829994235;174.63451778861614;-0.9352175811484891;0.5;[-0.9352175811484891; 0.5];0.5;False;True;4.104033240939486;64;19.549800178858835;40.93;in_progress;0.0
12;14.0;3.6509904857226636;4.294760641720998;172.5214418709952;-15.250164631163672;4.0;[-15.250164631163672; 4.0];0.5;False;True;4.6528394078785285;65;19.549800178858835;40.982;in_progress;0.0
12;15.0;3.5517121601247035;4.309889901383417;172.09762275583896;-8.307452084326174;1.3642829294997563;[-8.307452084326174; 1.3642829294997563];0.5;False;True;5.160099779203142;65;19.549800178858835;41.054;in_progress;0.0
12;16.0;3.4486783927521993;4.340160747737491;168.85919923876094;7.910842054429491;2.065096103800107;[7.910842054429491; 2.065096103800107];0.001;False;True;5.686803147209984;66;19.549800178858835;41.116;in_progress;0.0
12;17.0;3.338002855892162;4.368582910789905;167.57140777242225;-24.3;1.1134147578482443;[-24.3; 1.1134147578482443];0.1;False;True;6.252856439346455;67;19.549800178858835;41.18;in_progress;0.0
12;18.0;3.2308121107141337;4.391156735716276;167.91314384141103;-24.3;2.4460793107376295;[-24.3; 2.4460793107376295];0.1;False;True;6.800938956750391;68;19.549800178858835;41.224;in_progress;0.0
12;19.0;3.136650678806132;4.422048823460725;165.61438347352507;-11.562627921721363;2.4445797062578487;[-11.562627921721363; 2.4445797062578487];0.1;False;True;7.28147922088872;68;19.549800178858835;41.317;in_progress;0.0
12;20.0;3.02716489135731;4.470711087942167;161.39718908490715;24.900000000000002;3.110494446695797;[24.900000000000002; 3.110494446695797];0.1;False;False;7.840877215021102;69;19.549800178858835;41.376;in_progress;0.0
12;21.0;2.907912888491395;4.522529734785683;159.2945907716571;-24.3;3.5758902477012704;[-24.3; 3.5758902477012704];0.001;False;False;8.449227169958618;69;19.549800178858835;41.454;in_progress;0.0
12;22.0;2.764896209633112;4.581773697111086;158.18795933723132;-0.8074102269074785;0.9834205514483171;[-0.8074102269074785; 0.9834205514483171];0.001;False;False;9.171566452305768;70;19.549800178858835;41.472;in_progress;0.0
12;23.0;2.6419190334577634;4.650148754546451;153.59790879770406;-6.192479262412444;3.848234486477386;[-6.192479262412444; 3.848234486477386];0.001;False;False;9.798032582424964;71;19.549800178858835;41.585;in_progress;0.0
12;24.0;2.523939821245527;4.721436826190193;150.87536382587564;-24.3;0.5;[-24.3; 0.5];0.001;True;False;10.353390830137442;71;19.549800178858835;41.652;off_track;0.0
13;1.0;3.4430468402922476;4.198713779883342;-179.87478205054043;24.857281470128196;3.721130595685398;[24.857281470128196; 3.721130595685398];0.0;False;True;0.7171408984432581;66;19.549800178858835;41.786;prepare;0.0
13;2.0;3.443246456052529;4.19871252026978;-179.8787101428235;22.530679119511934;2.8346697478917626;[22.530679119511934; 2.8346697478917626];1.0;False;True;0.7161198514519684;66;19.549800178858835;41.853;in_progress;0.0
13;3.0;3.435522668525053;4.1980310067879865;-179.7477934561171;-10.771464139968801;4.0;[-10.771464139968801; 4.0];1.0;False;True;0.7556354109479191;66;19.549800178858835;41.915;in_progress;0.0
13;4.0;3.414079884822984;4.197799377937258;-179.9305769520523;-14.375160331577264;3.2373436423407664;[-14.375160331577264; 3.2373436423407664];1.0;False;True;0.8653205524665974;66;19.549800178858835;41.98;in_progress;0.0
13;5.0;3.3768155840916667;4.206688182630268;177.88333899390543;-24.3;0.9062450782098603;[-24.3; 0.9062450782098603];1.0;False;True;1.0558475674861234;67;19.549800178858835;42.042;in_progress;0.0
13;6.0;3.3314753032767177;4.228020960410332;173.49536470594026;19.36527935042393;1.86281575385385;[19.36527935042393; 1.86281575385385];0.5;False;True;1.287568402876993;67;19.549800178858835;42.116;in_progress;0.0
13;7.0;3.267533651589927;4.249233318715753;170.47446918488785;6.777810765795778;2.712514522006014;[6.777810765795778; 2.712514522006014];0.5;False;True;1.6144388600066617;68;19.549800178858835;42.187;in_progress;0.0
13;8.0;3.207752756771636;4.256134414929448;171.220465826952;-4.133797480922695;2.977317533750433;[-4.133797480922695; 2.977317533750433];0.5;False;True;1.9201611582041367;68;19.549800178858835;42.252;in_progress;0.0
13;9.0;3.1230810134746942;4.264090479698065;172.27386338031107;-18.773527060043207;0.5;[-18.773527060043207; 0.5];0.5;False;True;2.352952624359006;68;19.549800178858835;42.318;in_progress;0.0
13;10.0;3.0376308218751693;4.286421699673645;169.80955275707123;24.900000000000002;4.0;[24.900000000000002; 4.0];0.001;False;True;2.789749410285236;69;19.549800178858835;42.383;in_progress;0.0
13;11.0;2.955631759584014;4.308825357453452;168.5328113472316;24.900000000000002;2.4173054731154973;[24.900000000000002; 2.4173054731154973];0.001;False;True;3.208563088746419;69;19.549800178858835;42.444;in_progress;0.0
13;12.0;2.865065255449139;4.309793754340519;172.10733737440566;-4.56139631218803;3.057072833824179;[-4.56139631218803; 3.057072833824179];0.5;False;True;3.671805813844242;70;19.549800178858835;42.517;in_progress;0.0
13;13.0;2.7453235982230244;4.307836400016158;175.70765676524007;-14.734004659476172;2.297079893504164;[-14.734004659476172; 2.297079893504164];1.0;False;True;4.281947538079578;70;19.549800178858835;42.586;in_progress;0.0
13;14.0;2.630779940988628;4.320823024575034;174.73169030690337;1.616464894294527;2.030889363997267;[1.616464894294527; 2.030889363997267];0.5;False;True;4.867352123448021;71;19.549800178858835;42.64;in_progress;0.0
13;15.0;2.5078635859985368;4.33836962943019;173.39481166899586;24.900000000000002;0.5;[24.900000000000002; 0.5];0.5;False;True;5.482978899946389;71;19.549800178858835;42.716;in_progress;0.0
13;16.0;2.378337547677093;4.348530350083243;174.3062082901315;-24.3;2.2789665823137675;[-24.3; 2.2789665823137675];0.1;False;True;6.133002658186049;72;19.549800178858835;42.784;in_progress;0.0
13;17.0;2.2540473048675493;4.35867931969822;174.66468912471277;-1.7007556272030229;1.2268168049530717;[-1.7007556272030229; 1.2268168049530717];0.1;False;True;6.766346070330231;73;19.549800178858835;42.85;in_progress;0.0
13;18.0;2.13922796538454;4.373090690387718;173.81225987946112;-0.5564907254582216;0.5;[-0.5564907254582216; 0.5];0.1;False;True;7.317946005975939;73;19.549800178858835;42.919;in_progress;0.0
13;19.0;2.0354186082012156;4.380127279548867;174.7999503353369;24.900000000000002;2.815573319215224;[24.900000000000002; 2.815573319215224];0.1;False;True;7.845076132329465;74;19.549800178858835;42.985;in_progress;0.0
13;20.0;1.9321421358951774;4.383953008628402;176.1048547028621;-2.1589796489392263;1.2754705014910217;[-2.1589796489392263; 1.2754705014910217];0.1;False;True;8.267223058199724;74;19.549800178858835;43.047;in_progress;0.0
13;21.0;1.8186615601819085;4.3801361715987195;178.70884193441242;-9.533762282303524;0.8611340082907388;[-9.533762282303524; 0.8611340082907388];0.1;False;False;8.843282306815503;75;19.549800178858835;43.111;in_progress;0.0
13;22.0;1.7206023026059927;4.3833510880790705;178.58428814601774;0.16536072497838816;0.7414502743250193;[0.16536072497838816; 0.7414502743250193];0.1;False;False;9.13028957903924;75;19.549800178858835;43.185;in_progress;0.0
13;23.0;1.637894777766145;4.384936760319765;178.66547985158275;14.553868571040663;0.5;[14.553868571040663; 0.5];0.001;False;False;9.530121822519721;76;19.549800178858835;43.247;in_progress;0.0
13;24.0;1.557929315060291;4.3764952184265455;-178.9379899039704;-24.3;0.5;[-24.3; 0.5];0.001;False;False;9.932470320026122;76;19.549800178858835;43.314;in_progress;0.0
13;25.0;1.4942506368016544;4.3676580967215655;-177.16846980906917;7.810531847262435;0.5;[7.810531847262435; 0.5];0.001;False;False;10.005962726286032;76;19.549800178858835;43.362;in_progress;0.0
13;26.0;1.439811143916289;4.366580308798098;-177.53642358101357;1.02244916195799;3.6340688712961446;[1.02244916195799; 3.6340688712961446];0.001;False;False;10.20954318573567;76;19.549800178858835;43.452;in_progress;0.0
13;27.0;1.3731991313173864;4.358093025766241;-176.23603152980687;-24.3;1.4501380424904333;[-24.3; 1.4501380424904333];0.001;False;False;10.5303132688777;77;19.549800178858835;43.52;in_progress;0.0
13;28.0;1.2951598039406096;4.356806562633804;-176.95207215480144;-5.906299108285218;1.2173058520883029;[-5.906299108285218; 1.2173058520883029];0.001;False;False;10.885176618323788;77;19.549800178858835;43.584;in_progress;0.0
13;29.0;1.21401283679246;4.356663118980145;-177.8760145739787;-6.315844789552614;0.5414705449206082;[-6.315844789552614; 0.5414705449206082];0.001;False;False;11.001412872148887;77;19.549800178858835;43.652;in_progress;0.0
13;30.0;1.1331625005953039;4.351967539686664;-177.5306258299876;-22.381123551075774;4.0;[-22.381123551075774; 4.0];0.001;True;False;11.162809391929063;77;19.549800178858835;43.713;off_track;0.0
14;1.0;2.4656386393952823;4.191985824923485;-178.5193701318254;-13.36054659186445;1.7486021775477756;[-13.36054659186445; 1.7486021775477756];0.0;False;True;0.7170079043011812;72;19.549800178858835;43.849;prepare;0.0
14;2.0;2.465645681956312;4.1922370967059726;-178.5852056155364;11.840585372081915;0.8552793668167602;[11.840585372081915; 0.8552793668167602];1.0;False;True;0.7169408124381937;72;19.549800178858835;43.915;in_progress;0.0
14;3.0;2.460264015408728;4.192587039358121;-178.71241625189032;-24.3;3.873562036896773;[-24.3; 3.873562036896773];1.0;False;True;0.7444174682730176;72;19.549800178858835;43.986;in_progress;0.0
14;4.0;2.439779474570358;4.193775557984121;-179.6587246424917;-21.390601969807623;3.738324807891621;[-21.390601969807623; 3.738324807891621];1.0;False;True;0.8490211600902686;72;19.549800178858835;44.05;in_progress;0.0
14;5.0;2.407819765080363;4.204276068109193;177.77833989633868;9.926066233326228;0.97691803021659;[9.926066233326228; 0.97691803021659];1.0;False;True;1.010217298902072;72;19.549800178858835;44.11;in_progress;0.0
14;6.0;2.3685171835162673;4.209545844794216;176.36650838749438;6.081888415269745;3.447292731613416;[6.081888415269745; 3.447292731613416];0.5;False;True;1.2100920144396787;72;19.549800178858835;44.178;in_progress;0.0
14;7.0;2.3159009154244083;4.20865285631876;177.40683796454027;14.908872963663779;2.7079251529725834;[14.908872963663779; 2.7079251529725834];1.0;False;True;1.479211844232453;72;19.549800178858835;44.25;in_progress;0.0
14;8.0;2.242218146779316;4.188933278064375;-177.4201091556226;-22.40679219319227;3.1888933037655756;[-22.40679219319227; 3.1888933037655756];1.0;False;True;1.859655529827664;73;19.549800178858835;44.315;in_progress;0.0
14;9.0;2.1606174743145394;4.1722109426046545;-174.5380647222627;-24.3;0.8101909672777363;[-24.3; 0.8101909672777363];1.0;False;True;2.2813991289328817;73;19.549800178858835;44.385;in_progress;0.0
14;10.0;2.08943341178123;4.173473225283614;-176.11966769139468;7.484476293755737;0.5;[7.484476293755737; 0.5];1.0;False;True;2.644149815090646;74;19.549800178858835;44.454;in_progress;0.0
14;11.0;2.0251595014176242;4.176818040795689;-177.87636559855932;-4.861115389047903;2.494316612232444;[-4.861115389047903; 2.494316612232444];1.0;False;True;2.9708898598726385;74;19.549800178858835;44.503;in_progress;0.0
14;12.0;1.959693939769643;4.1710646501880815;-177.10601953612135;-24.3;0.7476937243079727;[-24.3; 0.7476937243079727];0.5;False;True;3.3031664917702375;74;19.549800178858835;44.587;in_progress;0.0
14;13.0;1.8864397202269136;4.174448536498708;-178.5975991993331;-6.97640116676207;3.6392881932717627;[-6.97640116676207; 3.6392881932717627];0.5;False;True;3.6702173091762047;75;19.549800178858835;44.641;in_progress;0.0
14;14.0;1.810242198207035;4.178522466180345;-179.89796219457986;-15.115358427442098;2.0332801963574885;[-15.115358427442098; 2.0332801963574885];0.001;False;True;4.018107426022932;75;19.549800178858835;44.716;in_progress;0.0
14;15.0;1.7194990258551;4.187323981875686;178.12458340482593;-24.3;2.468222777628688;[-24.3; 2.468222777628688];0.001;False;True;4.445620041309839;75;19.549800178858835;44.776;in_progress;0.0
14;16.0;1.6193503835537255;4.2072176031908715;174.43168207657854;-0.1440412946120624;3.2780156716100417;[-0.1440412946120624; 3.2780156716100417];0.001;False;True;4.901347422942082;76;19.549800178858835;44.846000000000004;in_progress;0.0
14;17.0;1.5094505967917338;4.230566010602542;171.85968900770098;-22.41818757154793;3.8829267489629733;[-22.41818757154793; 3.8829267489629733];0.1;False;True;5.224578450188721;76;19.549800178858835;44.917;in_progress;0.0
14;18.0;1.3857583150181156;4.25538436596641;170.10903826705456;9.715852193392752;0.5;[9.715852193392752; 0.5];0.001;False;False;5.722086822561378;77;19.549800178858835;44.986;in_progress;0.0
14;19.0;1.2530548492446942;4.289963016477796;166.51690183625084;13.294876814581368;0.5;[13.294876814581368; 0.5];0.001;False;False;6.001412872148881;77;19.549800178858835;45.049;in_progress;0.0
14;20.0;1.1322283861171725;4.3082789897040525;167.7464165036091;16.89385020882707;0.9899528768088779;[16.89385020882707; 0.9899528768088779];0.001;False;False;6.30666286631164;77;19.549800178858835;45.121;in_progress;0.0
14;21.0;1.022203004129746;4.311929726384647;171.81616631202925;13.990097840736833;3.2339765747405607;[13.990097840736833; 3.2339765747405607];0.001;True;False;6.733353580380152;78;19.549800178858835;45.179;off_track;0.0
15;1.0;1.507796936876894;4.0346926830136045;-161.92481180039726;4.846867853482102;1.198925821133811;[4.846867853482102; 1.198925821133811];0.0;False;True;0.7057166082278687;77;19.549800178858835;45.315;prepare;0.0
15;2.0;1.5078722102768969;4.034898949970516;-161.99338346055245;5.807345622218666;2.974064525919284;[5.807345622218666; 2.974064525919284];0.001;False;True;0.7048785033964666;77;19.549800178858835;45.383;in_progress;0.0
15;3.0;1.5023338773200527;4.031454788493462;-161.60793094302835;-22.429934826788635;0.6260705812744971;[-22.429934826788635; 0.6260705812744971];0.5;False;True;0.7381709161454753;77;19.549800178858835;45.451;in_progress;0.0
15;4.0;1.4867446337897656;4.026596906451119;-161.20050427682273;11.05767202163408;2.1107297244580674;[11.05767202163408; 2.1107297244580674];0.5;False;True;0.8201853500365508;77;19.549800178858835;45.523;in_progress;0.0
15;5.0;1.458590293085728;4.016559511429674;-160.9738142403486;24.900000000000002;2.8103906443652775;[24.900000000000002; 2.8103906443652775];0.5;False;True;0.9713610723035115;77;19.549800178858835;45.584;in_progress;0.0
15;6.0;1.4240621360810768;3.990431388893876;-157.8197189876722;-24.3;3.042483836062474;[-24.3; 3.042483836062474];0.001;False;True;1.1633390802851085;77;19.549800178858835;45.658;in_progress;0.0
15;7.0;1.379333376795671;3.960908971102206;-155.65939863902307;-4.445099660411216;2.0626287983833;[-4.445099660411216; 2.0626287983833];0.001;False;True;1.4362560400682733;77;19.549800178858835;45.71;in_progress;0.0
15;8.0;1.3069270219765527;3.9328222487737023;-156.4426881614087;24.900000000000002;0.5;[24.900000000000002; 0.5];0.001;False;True;1.814850466996365;78;19.549800178858835;45.787;in_progress;0.0
15;9.0;1.2457906918503794;3.9059726814145503;-156.51796564219015;3.7538107804486387;4.0;[3.7538107804486387; 4.0];0.001;False;True;2.073003793598549;78;19.549800178858835;45.847;in_progress;0.0
15;10.0;1.1787372192557164;3.868902393816568;-154.90422871062614;21.13685990858421;0.7409241976457276;[21.13685990858421; 0.7409241976457276];0.001;False;True;2.4413312668493226;78;19.549800178858835;45.918;in_progress;0.0
15;11.0;1.1190140346132311;3.829028810657536;-152.75036571938242;24.900000000000002;1.025362619103539;[24.900000000000002; 1.025362619103539];0.001;False;True;2.79582550866585;79;19.549800178858835;45.979;in_progress;0.0
15;12.0;1.0634956644874318;3.781206404683169;-148.95220589304066;24.900000000000002;4.0;[24.900000000000002; 4.0];0.001;False;True;3.0443599350390316;79;19.549800178858835;46.049;in_progress;0.0
15;13.0;1.01385736617496;3.728070586474929;-144.47445663761823;-2.8981018631813917;2.7684888211546452;[-2.8981018631813917; 2.7684888211546452];0.1;False;True;3.408378373830989;79;19.549800178858835;46.113;in_progress;0.0
15;14.0;0.9498889218301673;3.661630606719715;-140.6956076251585;-16.590708757643814;2.35529653045705;[-16.590708757643814; 2.35529653045705];0.1;False;True;3.868579163014807;80;19.549800178858835;46.182;in_progress;0.0
15;15.0;0.8757795474484983;3.60273255565278;-141.0023218533328;10.575001565178955;1.6207756635517931;[10.575001565178955; 1.6207756635517931];0.1;False;True;4.1378199286248085;80;19.549800178858835;46.249;in_progress;0.0
15;16.0;0.7833403320762187;3.532858894812655;-141.80854344217636;-16.88820513475089;0.5;[-16.88820513475089; 0.5];0.001;False;False;4.643515108401863;81;19.549800178858835;46.318;in_progress;0.0
15;17.0;0.7091318529149299;3.4721875345874937;-141.41962918832812;-4.97265182992237;3.490281686388204;[-4.97265182992237; 3.490281686388204];0.001;False;False;4.990496947306;81;19.549800178858835;46.381;in_progress;0.0
15;18.0;0.6236207199129635;3.4070911178790433;-141.8340724886464;24.900000000000002;2.0516261491938605;[24.900000000000002; 2.0516261491938605];0.001;False;False;5.23555420571673;81;19.549800178858835;46.436;in_progress;0.0
15;19.0;0.5354863236808058;3.3245200103047723;-139.58926359326338;-24.3;0.5;[-24.3; 0.5];0.001;False;False;5.746109292363122;82;19.549800178858835;46.524;in_progress;0.0
15;20.0;0.4651265136792729;3.249742927319316;-136.90718621940408;10.083174257945142;0.6517141800557907;[10.083174257945142; 0.6517141800557907];0.001;True;False;5.988012750141469;82;19.549800178858835;46.584;off_track;0.0
16;1.0;0.984955682469106;3.2298018747801627;-102.61635079025925;23.634546910207373;1.9447466842007304;[23.634546910207373; 1.9447466842007304];0.0;False;True;0.7172648373885315;82;19.549800178858835;46.721000000000004;prepare;0.0
16;2.0;0.9850086788106548;3.2300193947812756;-102.60341132543509;15.319731026499806;3.999559583220156;[15.319731026499806; 3.999559583220156];1.0;False;True;0.7161198514519684;82;19.549800178858835;46.785;in_progress;0.0
16;3.0;0.9814369305423157;3.2188960056730638;-102.92109741359536;-9.927331386392634;1.7771500179567965;[-9.927331386392634; 1.7771500179567965];1.0;False;True;0.7756330820920088;82;19.549800178858835;46.857;in_progress;0.0
16;4.0;0.9761205602919257;3.1990538902015575;-102.84773733730933;24.900000000000002;4.0;[24.900000000000002; 4.0];1.0;False;True;0.8806164286932594;82;19.549800178858835;46.918;in_progress;0.0
16;5.0;0.9679133864223917;3.16500159257527;-102.61651418089791;4.366866302670253;2.2883357322727926;[4.366866302670253; 2.2883357322727926];0.5;False;True;1.0577585467664519;82;19.549800178858835;46.984;in_progress;0.0
16;6.0;0.9668444705327643;3.1196894868833724;-100.48820561684506;-4.894829403089666;2.3015222804320383;[-4.894829403089666; 2.3015222804320383];1.0;False;True;1.2888899555112299;82;19.549800178858835;47.05;in_progress;0.0
16;7.0;0.9574319510624701;3.062305400682781;-100.2557489201824;24.900000000000002;4.0;[24.900000000000002; 4.0];1.0;False;True;1.5857930229250305;83;19.549800178858835;47.118;in_progress;0.0
16;8.0;0.9467419602754429;2.9884643104911697;-99.50752762867589;-9.218851093265744;0.5;[-9.218851093265744; 0.5];1.0;False;True;1.967104003334219;83;19.549800178858835;47.183;in_progress;0.0
16;9.0;0.945045531798305;2.9117023617835445;-96.56208349192661;-24.3;2.4843681570923266;[-24.3; 2.4843681570923266];1.0;False;True;2.357708749856502;83;19.549800178858835;47.243;in_progress;0.0
16;10.0;0.9364886208448748;2.8359183015243117;-96.52432487413677;-21.764500476761157;0.5;[-21.764500476761157; 0.5];1.0;False;True;2.7469629352934843;84;19.549800178858835;47.324;in_progress;0.0
16;11.0;0.914103215295372;2.77068110228923;-100.17365937115879;-3.127340020778778;4.0;[-3.127340020778778; 4.0];0.5;False;True;3.081592530420696;84;19.549800178858835;47.335;in_progress;0.0
16;12.0;0.8861346655248414;2.6948185877065893;-103.38540084260019;24.10060405504129;0.5;[24.10060405504129; 0.5];0.001;False;True;3.472412736752073;84;19.549800178858835;47.452;in_progress;0.0
16;13.0;0.876482605070514;2.6173918539097683;-101.68719295857863;-9.859534137209172;3.044298479711592;[-9.859534137209172; 3.044298479711592];0.001;False;True;3.869366316713241;85;19.549800178858835;47.518;in_progress;0.0
16;14.0;0.872528547102486;2.548097015570511;-99.60672874378741;-12.188581731176678;2.5832345478909504;[-12.188581731176678; 2.5832345478909504];0.5;False;True;4.218698299495383;85;19.549800178858835;47.587;in_progress;0.0
16;15.0;0.8519584495196655;2.4593896354396882;-100.86233064998314;-6.706056380783053;4.0;[-6.706056380783053; 4.0];0.001;False;True;4.6728784059812405;86;19.549800178858835;47.65;in_progress;0.0
16;16.0;0.8165152972063705;2.3621658455094763;-104.4768245978677;-1.4510142406680444;2.025118091518593;[-1.4510142406680444; 2.025118091518593];0.001;False;True;5.14435089013463;86;19.549800178858835;47.715;in_progress;0.0
16;17.0;0.7768745289171115;2.259444898833422;-107.22164766295336;-13.646695998377227;0.5;[-13.646695998377227; 0.5];0.1;False;True;5.661723438901145;87;19.549800178858835;47.783;in_progress;0.0
16;18.0;0.7296123040660211;2.157258738969357;-110.23673612031385;-15.707141604005185;4.0;[-15.707141604005185; 4.0];0.1;False;True;6.104682716468912;87;19.549800178858835;47.853;in_progress;0.0
16;19.0;0.6764195401765104;2.0669823954631834;-114.32064122476311;8.930396605365036;3.3148653779902286;[8.930396605365036; 3.3148653779902286];0.001;False;False;6.536880341397677;88;19.549800178858835;47.912;in_progress;0.0
16;20.0;0.6102573119141224;1.9607729908583331;-117.9561079807773;11.095394493158782;3.3403374463587925;[11.095394493158782; 3.3403374463587925];0.001;False;False;7.009590497215901;88;19.549800178858835;47.983;in_progress;0.0
16;21.0;0.5643846640882889;1.865758855612648;-117.06763817420854;-21.91859177200272;1.0774829044275986;[-21.91859177200272; 1.0774829044275986];0.001;False;False;7.254542948141984;88;19.549800178858835;48.047;in_progress;0.0
16;22.0;0.511168608461391;1.7572896523366894;-116.37704175055454;24.900000000000002;1.656007578132494;[24.900000000000002; 1.656007578132494];0.001;False;False;7.737914440610427;89;19.549800178858835;48.117;in_progress;0.0
16;23.0;0.4609877637785008;1.65451037940942;-116.17278348319748;10.463791214888804;1.7718529680279222;[10.463791214888804; 1.7718529680279222];0.001;True;False;8.006942314651887;89;19.549800178858835;48.184;off_track;0.0
17;1.0;0.9391621424203347;2.2550019467488345;-90.23835188574631;-19.853304508508103;0.5;[-19.853304508508103; 0.5];0.0;False;True;0.7158848773275772;87;19.549800178858835;48.315;prepare;0.0
17;2.0;0.9391256992666867;2.255077471380092;-90.23585288505262;-24.3;4.0;[-24.3; 4.0];1.0;False;True;0.7154917728017129;87;19.549800178858835;48.392;in_progress;0.0
17;3.0;0.9377408731577775;2.246015722603864;-90.56207333419893;24.900000000000002;4.0;[24.900000000000002; 4.0];1.0;False;True;0.7615422421471063;87;19.549800178858835;48.44;in_progress;0.0
17;4.0;0.9452293569404495;2.2303887675717737;-88.68181499124695;6.641050161332878;0.764698868591468;[6.641050161332878; 0.764698868591468];1.0;False;True;0.8428702129617771;87;19.549800178858835;48.513;in_progress;0.0
17;5.0;0.953896945647752;2.1976421384457923;-86.60966958063429;-24.3;2.7102325785794634;[-24.3; 2.7102325785794634];1.0;False;True;1.0140782838061302;87;19.549800178858835;48.585;in_progress;0.0
17;6.0;0.9612451591387442;2.1552983289254644;-85.49757940552719;21.604691861468257;1.7638270705295662;[21.604691861468257; 1.7638270705295662];1.0;False;True;1.2333486298856;87;19.549800178858835;48.648;in_progress;0.0
17;7.0;0.9646761297033823;2.1056041915591743;-85.5702259625532;-24.3;1.4521192958624187;[-24.3; 1.4521192958624187];1.0;False;True;1.4880206346834512;87;19.549800178858835;48.716;in_progress;0.0
17;8.0;0.9690151171300017;2.035171722823147;-85.77302253763777;-18.07899158688823;3.0265014357891644;[-18.07899158688823; 3.0265014357891644];1.0;False;True;1.84870383528144;88;19.549800178858835;48.784;in_progress;0.0
17;9.0;0.9587185073032511;1.9697156500221167;-89.19820918191343;8.47633476669969;2.2795705073925565;[8.47633476669969; 2.2795705073925565];0.001;False;True;2.168699993081402;88;19.549800178858835;48.844;in_progress;0.0
17;10.0;0.9425975636995495;1.8833655960650153;-92.98362366111375;-18.355103034906325;2.7112441875047852;[-18.355103034906325; 2.7112441875047852];0.001;False;True;2.582350728289995;89;19.549800178858835;48.873;in_progress;0.0
17;11.0;0.9271630511933416;1.7895617251444957;-95.33804106359733;-1.6758586416491106;2.2001423647797935;[-1.6758586416491106; 2.2001423647797935];0.001;False;True;3.0069423146518837;89;19.549800178858835;48.979;in_progress;0.0
17;12.0;0.9056995026341518;1.6858346585586403;-97.8475604432448;19.479527068907853;2.875487773483811;[19.479527068907853; 2.875487773483811];0.001;False;True;3.427601953004611;89;19.549800178858835;49.05;in_progress;0.0
17;13.0;0.8900532616660649;1.5667782863459248;-97.50210124265372;4.852406899856398;1.05181637766684;[4.852406899856398; 1.05181637766684];0.1;False;True;3.9684906106445927;90;19.549800178858835;49.122;in_progress;0.0
17;14.0;0.8959942711023143;1.4535749255225823;-93.09155939930062;-18.662244269871707;4.0;[-18.662244269871707; 4.0];0.1;False;True;4.3306487380475716;90;19.549800178858835;49.184;in_progress;0.0
17;15.0;0.9008587237285746;1.3382619594521206;-90.94565983956993;19.58557464542798;0.5;[19.58557464542798; 0.5];0.001;False;False;4.855469651479671;91;19.549800178858835;49.251;in_progress;0.0
17;16.0;0.9031857684206467;1.2291807957695386;-90.01092163562643;7.934151006487578;3.724224077747782;[7.934151006487578; 3.724224077747782];0.001;False;False;5.029532301902629;91;19.549800178858835;49.315;in_progress;0.0
17;17.0;0.9193856619071596;1.113871260739405;-86.56228807398978;24.900000000000002;0.5;[24.900000000000002; 0.5];0.001;False;False;5.5364252768219995;92;19.549800178858835;49.378;in_progress;0.0
17;18.0;0.9467728269201273;0.9978284328890751;-81.94750699213758;-24.3;2.9849535146644963;[-24.3; 2.9849535146644963];0.001;False;False;6.002932130388993;92;19.549800178858835;49.452;in_progress;0.0
17;19.0;0.9698976357218244;0.9060950906732297;-79.98700498205243;24.900000000000002;2.9830064703445895;[24.900000000000002; 2.9830064703445895];0.001;True;False;6.0440838515174455;92;19.549800178858835;49.515;off_track;0.0
18;1.0;1.243756662984277;1.3398321187039606;-60.2905737965564;-24.14401235486584;2.2904292691101107;[-24.14401235486584; 2.2904292691101107];0.0;False;True;0.7060110102296235;92;19.549800178858835;49.651;prepare;0.0
18;2.0;1.2437507345973116;1.339873038565364;-60.28130355985676;0.5076854442562002;4.0;[0.5076854442562002; 4.0];0.5;False;True;0.705830542994712;92;19.549800178858835;49.721000000000004;in_progress;0.0
18;3.0;1.2496133567668508;1.3328563176433867;-60.10567573807257;24.900000000000002;0.5;[24.900000000000002; 0.5];0.5;False;True;0.7526008494362357;92;19.549800178858835;49.782;in_progress;0.0
18;4.0;1.2643410608092152;1.3232641760071198;-58.31570243549279;-3.7654899952549385;2.585664086156437;[-3.7654899952549385; 2.585664086156437];0.5;False;True;0.8384598445990155;92;19.549800178858835;49.855;in_progress;0.0
18;5.0;1.2836372330440622;1.305077048640611;-56.89735154522158;10.712186506994048;2.206343663406252;[10.712186506994048; 2.206343663406252];0.5;False;True;0.9730769840099907;92;19.549800178858835;49.919;in_progress;0.0
18;6.0;1.3084232747391493;1.2730247625428739;-56.135506204669674;2.5348005681444263;0.7883482383284031;[2.5348005681444263; 0.7883482383284031];0.001;False;True;1.1618871289029276;92;19.549800178858835;49.985;in_progress;0.0
18;7.0;1.3395401307402768;1.2287006866463144;-55.88274814244466;-24.3;2.581205359279364;[-24.3; 2.581205359279364];0.001;False;True;1.4296140737654173;92;19.549800178858835;50.052;in_progress;0.0
18;8.0;1.3688767030339346;1.1832074878083887;-56.23177949234521;24.900000000000002;2.782799774481072;[24.900000000000002; 2.782799774481072];0.001;False;True;1.6942182823191487;93;19.549800178858835;50.117;in_progress;0.0
18;9.0;1.4089344643445076;1.121894528415843;-56.285377580280596;9.953488186074086;1.3309217271620004;[9.953488186074086; 1.3309217271620004];0.001;False;True;1.9998688203158976;93;19.549800178858835;50.181;in_progress;0.0
18;10.0;1.4650613247164108;1.069780484223818;-52.331712184889795;-24.3;2.4580681149558283;[-24.3; 2.4580681149558283];0.001;False;True;2.3622577405443823;93;19.549800178858835;50.252;in_progress;0.0
18;11.0;1.531876111316842;1.0082731790494879;-49.14693841625326;-4.0443671277839;2.633814186137169;[-4.0443671277839; 2.633814186137169];0.001;False;True;2.814268680525134;94;19.549800178858835;50.317;in_progress;0.0
18;12.0;1.605037664244817;0.9263030273215099;-48.78468106189283;-5.998605949061208;2.58687889164841;[-5.998605949061208; 2.58687889164841];0.1;False;True;3.201526668520893;94;19.549800178858835;50.389;in_progress;0.0
18;13.0;1.681148586202083;0.8326664547173039;-49.80451210558155;-24.3;1.9585338356841853;[-24.3; 1.9585338356841853];0.1;False;True;3.7246587457557156;95;19.549800178858835;50.445;in_progress;0.0
18;14.0;1.7505742997989484;0.7323924195684623;-52.260679178266116;19.513841063596598;2.4244563636652243;[19.513841063596598; 2.4244563636652243];0.001;False;False;3.9963935912922133;95;19.549800178858835;50.513;in_progress;0.0
18;15.0;1.8193613964459803;0.629381245124121;-53.84906575943476;24.900000000000002;1.223877585501507;[24.900000000000002; 1.223877585501507];0.001;False;False;4.435944162846061;95;19.549800178858835;50.587;in_progress;0.0
18;16.0;1.9012626006095328;0.5292407781135939;-52.44894171566127;6.9317147165446436;3.090423952636431;[6.9317147165446436; 3.090423952636431];0.001;False;False;4.938917832723044;96;19.549800178858835;50.652;in_progress;0.0
18;17.0;1.984859341878682;0.43854988447357535;-50.261990120961286;8.664148531140146;2.992391361800389;[8.664148531140146; 2.992391361800389];0.001;True;False;5.186860248105285;96;19.549800178858835;50.719;off_track;0.0
19;1.0;2.136164030424498;0.979850093842771;-5.049529631243198;-1.8992411735473276;3.556613706453289;[-1.8992411735473276; 3.556613706453289];0.0;False;True;0.716499336787968;97;19.549800178858835;50.853;prepare;0.0
19;2.0;2.136104967798808;0.9800261952206626;-5.000842510062033;24.900000000000002;3.6658090604123656;[24.900000000000002; 3.6658090604123656];1.0;False;True;0.7161198514519684;97;19.549800178858835;50.917;in_progress;0.0
19;3.0;2.145368067746363;0.9799698330072996;-4.9799207355512936;-11.508362823685248;4.0;[-11.508362823685248; 4.0];1.0;False;True;0.7633466886313722;97;19.549800178858835;50.985;in_progress;0.0
19;4.0;2.1700439469862736;0.9734772275588602;-6.397500885127195;24.900000000000002;2.0547615048525367;[24.900000000000002; 2.0547615048525367];1.0;False;True;0.8919818213200648;97;19.549800178858835;51.026;in_progress;0.0
19;5.0;2.2043006150230524;0.9730412919330419;-5.651656837816791;24.900000000000002;4.0;[24.900000000000002; 4.0];1.0;False;True;1.0664448834973084;97;19.549800178858835;51.117;in_progress;0.0
19;6.0;2.2516103578279654;0.9865897933094259;-1.3565802651332575;24.900000000000002;3.7748861807125467;[24.900000000000002; 3.7748861807125467];1.0;False;True;1.305153935493697;97;19.549800178858835;51.186;in_progress;0.0
19;7.0;2.3170112020488958;1.0156085237761598;5.6579056615661525;-22.181147564394728;0.5;[-22.181147564394728; 0.5];0.5;False;True;1.6328266401203329;98;19.549800178858835;51.249;in_progress;0.0
19;8.0;2.369597858197941;1.0418882505432407;12.935013922167848;14.74514753480194;2.0483296843599845;[14.74514753480194; 2.0483296843599845];0.001;False;True;1.8956335931731183;98;19.549800178858835;51.319;in_progress;0.0
19;9.0;2.42734858233168;1.0653877223077826;15.62589778516102;3.2412649893554573;3.4818561885720367;[3.2412649893554573; 3.4818561885720367];0.001;False;True;2.19623697451673;98;19.549800178858835;51.386;in_progress;0.0
19;10.0;2.494946096518219;1.0973884176117197;18.517351922947405;13.391675812261727;1.1763386607169306;[13.391675812261727; 1.1763386607169306];0.001;False;True;2.538153382919861;99;19.549800178858835;51.447;in_progress;0.0
19;11.0;2.574893494725337;1.1343972197778371;20.424538928644445;-15.067227332074276;0.9773931968203916;[-15.067227332074276; 0.9773931968203916];0.1;False;True;2.9426355822196992;99;19.549800178858835;51.515;in_progress;0.0
19;12.0;2.6506212957322273;1.172220851418598;22.38348987572895;-24.3;2.7632716519468286;[-24.3; 2.7632716519468286];0.1;False;True;3.3378521545644135;99;19.549800178858835;51.583;in_progress;0.0
19;13.0;2.727248707597286;1.201387455892795;21.821871054867835;-24.3;4.0;[-24.3; 4.0];0.1;False;True;3.7280696480993636;100;19.549800178858835;51.649;in_progress;0.0
19;14.0;2.8246740852432297;1.2195708715534372;17.583939098563004;16.91799301122853;3.8992141239062197;[16.91799301122853; 3.8992141239062197];0.1;False;False;4.232560915638405;100;19.549800178858835;51.713;in_progress;0.0
19;15.0;2.932688961193777;1.2359555216625533;14.066887911144818;24.900000000000002;3.0319082034834;[24.900000000000002; 3.0319082034834];0.001;False;False;4.784554579053168;101;19.549800178858835;51.763;in_progress;0.0
19;16.0;3.0533758871769634;1.2759249923261131;16.07599569917791;-2.8832330483295543;3.9058830826007997;[-2.8832330483295543; 3.9058830826007997];0.001;False;False;5.40427346646014;0;19.549800178858835;51.86;in_progress;0.0
19;17.0;3.1855425277283986;1.3228455057196165;17.590284959106725;24.900000000000002;3.1209484636451705;[24.900000000000002; 3.1209484636451705];0.001;False;False;6.082029727029706;1;19.549800178858835;51.918;in_progress;0.0
19;18.0;3.3224405224267315;1.3671496710411988;17.81621988147485;-24.20954726648629;1.3180053407113062;[-24.20954726648629; 1.3180053407113062];0.001;False;False;6.781734072630982;2;19.549800178858835;51.985;in_progress;0.0
19;19.0;3.4583440437133572;1.4234458469754279;20.53681620883662;19.59136417629612;0.5;[19.59136417629612; 0.5];0.001;True;False;7.477864687408214;2;19.549800178858835;52.053;off_track;0.0
